       p  acos(c)[deg]     σ₁²     σ₂²     σ₃²     σ₄²     σ₅²     σ₆²
-1.0e+00          0.00  1.0667  1.0667  1.0667  1.0667  1.0667 -0.0000
-1.0e+00          3.61  1.0693  1.0654  1.0640  1.0693  1.0654 -0.0000
-1.0e+00          5.11  1.0719  1.0640  1.0614  1.0719  1.0640 -0.0000
-1.0e+00          6.25  1.0745  1.0627  1.0587  1.0745  1.0627 -0.0000
-1.0e+00          7.22  1.0772  1.0614  1.0561  1.0772  1.0614 -0.0000
-1.0e+00          8.08  1.0798  1.0601  1.0534  1.0798  1.0601 -0.0000
-1.0e+00          8.85  1.0824  1.0587  1.0507  1.0824  1.0587 -0.0000
-1.0e+00          9.56  1.0850  1.0574  1.0479  1.0850  1.0574 -0.0000
-1.0e+00         10.22  1.0877  1.0561  1.0452  1.0877  1.0561 -0.0000
-1.0e+00         10.84  1.0903  1.0547  1.0425  1.0903  1.0547 -0.0000
-1.0e+00         11.43  1.0930  1.0534  1.0397  1.0930  1.0534 -0.0000
-1.0e+00         11.99  1.0956  1.0521  1.0369  1.0956  1.0521 -0.0000
-1.0e+00         12.53  1.0982  1.0507  1.0341  1.0982  1.0507 -0.0000
-1.0e+00         13.04  1.1009  1.0494  1.0313  1.1009  1.0494 -0.0000
-1.0e+00         13.54  1.1035  1.0480  1.0285  1.1035  1.0480 -0.0000
-1.0e+00         14.01  1.1062  1.0466  1.0256  1.1062  1.0466 -0.0000
-1.0e+00         14.48  1.1088  1.0453  1.0228  1.1088  1.0453 -0.0000
-1.0e+00         14.92  1.1114  1.0439  1.0199  1.1114  1.0439 -0.0000
-1.0e+00         15.36  1.1141  1.0426  1.0170  1.1141  1.0426 -0.0000
-1.0e+00         15.78  1.1167  1.0412  1.0141  1.1167  1.0412 -0.0000
-1.0e+00         16.19  1.1194  1.0398  1.0112  1.1194  1.0398 -0.0000
-1.0e+00         16.60  1.1220  1.0384  1.0082  1.1220  1.0384 -0.0000
-1.0e+00         16.99  1.1247  1.0370  1.0053  1.1247  1.0370 -0.0000
-1.0e+00         17.38  1.1274  1.0357  1.0023  1.1274  1.0357 -0.0000
-1.0e+00         17.75  1.1300  1.0343  0.9993  1.1300  1.0343 -0.0000
-1.0e+00         18.12  1.1327  1.0329  0.9963  1.1327  1.0329 -0.0000
-1.0e+00         18.48  1.1353  1.0315  0.9933  1.1353  1.0315 -0.0000
-1.0e+00         18.84  1.1380  1.0301  0.9903  1.1380  1.0301 -0.0000
-1.0e+00         19.19  1.1406  1.0287  0.9872  1.1406  1.0287 -0.0000
-1.0e+00         19.53  1.1433  1.0273  0.9842  1.1433  1.0273 -0.0000
-1.0e+00         19.87  1.1460  1.0259  0.9811  1.1460  1.0259 -0.0000
-1.0e+00         20.20  1.1486  1.0245  0.9780  1.1486  1.0245 -0.0000
-1.0e+00         20.53  1.1513  1.0231  0.9749  1.1513  1.0231 -0.0000
-1.0e+00         20.85  1.1540  1.0216  0.9718  1.1540  1.0216 -0.0000
-1.0e+00         21.16  1.1566  1.0202  0.9686  1.1566  1.0202 -0.0000
-1.0e+00         21.48  1.1593  1.0188  0.9655  1.1593  1.0188 -0.0000
-1.0e+00         21.79  1.1620  1.0174  0.9623  1.1620  1.0174 -0.0000
-1.0e+00         22.09  1.1646  1.0159  0.9591  1.1646  1.0159 -0.0000
-1.0e+00         22.39  1.1673  1.0145  0.9559  1.1673  1.0145 -0.0000
-1.0e+00         22.69  1.1700  1.0131  0.9527  1.1700  1.0131 -0.0000
-1.0e+00         22.98  1.1727  1.0116  0.9495  1.1727  1.0116 -0.0000
-1.0e+00         23.27  1.1753  1.0102  0.9463  1.1753  1.0102 -0.0000
-1.0e+00         23.56  1.1780  1.0087  0.9430  1.1780  1.0087 -0.0000
-1.0e+00         23.84  1.1807  1.0073  0.9397  1.1807  1.0073 -0.0000
-1.0e+00         24.12  1.1834  1.0058  0.9364  1.1834  1.0058 -0.0000
-1.0e+00         24.39  1.1860  1.0044  0.9331  1.1860  1.0044 -0.0000
-1.0e+00         24.67  1.1887  1.0029  0.9298  1.1887  1.0029 -0.0000
-1.0e+00         24.94  1.1914  1.0014  0.9265  1.1914  1.0014 -0.0000
-1.0e+00         25.21  1.1941  1.0000  0.9231  1.1941  1.0000 -0.0000
-1.0e+00         25.47  1.1968  0.9985  0.9198  1.1968  0.9985 -0.0000
-1.0e+00         25.74  1.1994  0.9970  0.9164  1.1994  0.9970 -0.0000
-1.0e+00         26.00  1.2021  0.9955  0.9130  1.2021  0.9955 -0.0000
-1.0e+00         26.26  1.2048  0.9941  0.9096  1.2048  0.9941 -0.0000
-1.0e+00         26.51  1.2075  0.9926  0.9062  1.2075  0.9926 -0.0000
-1.0e+00         26.76  1.2102  0.9911  0.9028  1.2102  0.9911 -0.0000
-1.0e+00         27.02  1.2129  0.9896  0.8993  1.2129  0.9896 -0.0000
-1.0e+00         27.26  1.2156  0.9881  0.8959  1.2156  0.9881 -0.0000
-1.0e+00         27.51  1.2182  0.9866  0.8924  1.2182  0.9866 -0.0000
-1.0e+00         27.76  1.2209  0.9851  0.8889  1.2209  0.9851 -0.0000
-1.0e+00         28.00  1.2236  0.9836  0.8854  1.2236  0.9836 -0.0000
-1.0e+00         28.24  1.2263  0.9821  0.8819  1.2263  0.9821 -0.0000
-1.0e+00         28.48  1.2290  0.9806  0.8783  1.2290  0.9806 -0.0000
-1.0e+00         28.72  1.2317  0.9790  0.8748  1.2317  0.9790 -0.0000
-1.0e+00         28.95  1.2344  0.9775  0.8712  1.2344  0.9775 -0.0000
-1.0e+00         29.19  1.2371  0.9760  0.8677  1.2371  0.9760 -0.0000
-1.0e+00         29.42  1.2398  0.9745  0.8641  1.2398  0.9745 -0.0000
-1.0e+00         29.65  1.2424  0.9729  0.8605  1.2424  0.9729 -0.0000
-1.0e+00         29.88  1.2451  0.9714  0.8568  1.2451  0.9714 -0.0000
-1.0e+00         30.11  1.2478  0.9699  0.8532  1.2478  0.9699 -0.0000
-1.0e+00         30.33  1.2505  0.9683  0.8496  1.2505  0.9683 -0.0000
-1.0e+00         30.56  1.2532  0.9668  0.8459  1.2532  0.9668 -0.0000
-1.0e+00         30.78  1.2559  0.9652  0.8422  1.2559  0.9652 -0.0000
-1.0e+00         31.00  1.2586  0.9637  0.8386  1.2586  0.9637 -0.0000
-1.0e+00         31.22  1.2613  0.9621  0.8349  1.2613  0.9621 -0.0000
-1.0e+00         31.44  1.2640  0.9606  0.8312  1.2640  0.9606 -0.0000
-1.0e+00         31.66  1.2667  0.9590  0.8274  1.2667  0.9590 -0.0000
-1.0e+00         31.87  1.2694  0.9575  0.8237  1.2694  0.9575 -0.0000
-1.0e+00         32.09  1.2721  0.9559  0.8199  1.2721  0.9559 -0.0000
-1.0e+00         32.30  1.2748  0.9543  0.8162  1.2748  0.9543 -0.0000
-1.0e+00         32.51  1.2774  0.9527  0.8124  1.2774  0.9527 -0.0000
-1.0e+00         32.72  1.2801  0.9512  0.8086  1.2801  0.9512 -0.0000
-1.0e+00         32.93  1.2828  0.9496  0.8048  1.2828  0.9496 -0.0000
-1.0e+00         33.14  1.2855  0.9480  0.8010  1.2855  0.9480 -0.0000
-1.0e+00         33.35  1.2882  0.9464  0.7972  1.2882  0.9464 -0.0000
-1.0e+00         33.56  1.2909  0.9448  0.7933  1.2909  0.9448 -0.0000
-1.0e+00         33.76  1.2936  0.9432  0.7895  1.2936  0.9432 -0.0000
-1.0e+00         33.97  1.2963  0.9416  0.7856  1.2963  0.9416 -0.0000
-1.0e+00         34.17  1.2990  0.9400  0.7817  1.2990  0.9400 -0.0000
-1.0e+00         34.37  1.3017  0.9384  0.7778  1.3017  0.9384 -0.0000
-1.0e+00         34.57  1.3044  0.9368  0.7739  1.3044  0.9368 -0.0000
-1.0e+00         34.77  1.3071  0.9352  0.7700  1.3071  0.9352 -0.0000
-1.0e+00         34.97  1.3098  0.9336  0.7661  1.3098  0.9336 -0.0000
-1.0e+00         35.17  1.3124  0.9319  0.7621  1.3124  0.9319 -0.0000
-1.0e+00         35.36  1.3151  0.9303  0.7582  1.3151  0.9303 -0.0000
-1.0e+00         35.56  1.3178  0.9287  0.7542  1.3178  0.9287 -0.0000
-1.0e+00         35.75  1.3205  0.9271  0.7502  1.3205  0.9271 -0.0000
-1.0e+00         35.95  1.3232  0.9254  0.7462  1.3232  0.9254 -0.0000
-1.0e+00         36.14  1.3259  0.9238  0.7422  1.3259  0.9238 -0.0000
-1.0e+00         36.33  1.3286  0.9221  0.7382  1.3286  0.9221 -0.0000
-1.0e+00         36.53  1.3313  0.9205  0.7342  1.3313  0.9205 -0.0000
-1.0e+00         36.72  1.3340  0.9188  0.7302  1.3340  0.9188 -0.0000
-1.0e+00         36.91  1.3366  0.9172  0.7261  1.3366  0.9172 -0.0000
-1.0e+00         37.10  1.3393  0.9155  0.7221  1.3393  0.9155 -0.0000
-1.0e+00         37.28  1.3420  0.9139  0.7180  1.3420  0.9139 -0.0000
-1.0e+00         37.47  1.3447  0.9122  0.7139  1.3447  0.9122 -0.0000
-1.0e+00         37.66  1.3474  0.9105  0.7098  1.3474  0.9105 -0.0000
-1.0e+00         37.84  1.3501  0.9089  0.7057  1.3501  0.9089 -0.0000
-1.0e+00         38.03  1.3527  0.9072  0.7016  1.3527  0.9072 -0.0000
-1.0e+00         38.21  1.3554  0.9055  0.6975  1.3554  0.9055 -0.0000
-1.0e+00         38.40  1.3581  0.9038  0.6933  1.3581  0.9038 -0.0000
-1.0e+00         38.58  1.3608  0.9022  0.6892  1.3608  0.9022 -0.0000
-1.0e+00         38.76  1.3635  0.9005  0.6850  1.3635  0.9005 -0.0000
-1.0e+00         38.94  1.3661  0.8988  0.6809  1.3661  0.8988 -0.0000
-1.0e+00         39.12  1.3688  0.8971  0.6767  1.3688  0.8971 -0.0000
-1.0e+00         39.30  1.3715  0.8954  0.6725  1.3715  0.8954 -0.0000
-1.0e+00         39.48  1.3742  0.8937  0.6683  1.3742  0.8937 -0.0000
-1.0e+00         39.66  1.3768  0.8920  0.6641  1.3768  0.8920 -0.0000
-1.0e+00         39.84  1.3795  0.8903  0.6599  1.3795  0.8903 -0.0000
-1.0e+00         40.01  1.3822  0.8885  0.6556  1.3822  0.8885 -0.0000
-1.0e+00         40.19  1.3849  0.8868  0.6514  1.3849  0.8868 -0.0000
-1.0e+00         40.37  1.3875  0.8851  0.6472  1.3875  0.8851 -0.0000
-1.0e+00         40.54  1.3902  0.8834  0.6429  1.3902  0.8834 -0.0000
-1.0e+00         40.72  1.3929  0.8817  0.6386  1.3929  0.8817 -0.0000
-1.0e+00         40.89  1.3955  0.8799  0.6344  1.3955  0.8799 -0.0000
-1.0e+00         41.06  1.3982  0.8782  0.6301  1.3982  0.8782 -0.0000
-1.0e+00         41.24  1.4008  0.8764  0.6258  1.4008  0.8764 -0.0000
-1.0e+00         41.41  1.4035  0.8747  0.6215  1.4035  0.8747 -0.0000
-1.0e+00         41.58  1.4062  0.8730  0.6172  1.4062  0.8730 -0.0000
-1.0e+00         41.75  1.4088  0.8712  0.6128  1.4088  0.8712 -0.0000
-1.0e+00         41.92  1.4115  0.8695  0.6085  1.4115  0.8695 -0.0000
-1.0e+00         42.09  1.4141  0.8677  0.6042  1.4141  0.8677 -0.0000
-1.0e+00         42.26  1.4168  0.8659  0.5998  1.4168  0.8659 -0.0000
-1.0e+00         42.43  1.4194  0.8642  0.5955  1.4194  0.8642 -0.0000
-1.0e+00         42.60  1.4221  0.8624  0.5911  1.4221  0.8624 -0.0000
-1.0e+00         42.76  1.4247  0.8606  0.5868  1.4247  0.8606 -0.0000
-1.0e+00         42.93  1.4274  0.8589  0.5824  1.4274  0.8589 -0.0000
-1.0e+00         43.10  1.4300  0.8571  0.5780  1.4300  0.8571 -0.0000
-1.0e+00         43.26  1.4327  0.8553  0.5736  1.4327  0.8553 -0.0000
-1.0e+00         43.43  1.4353  0.8535  0.5692  1.4353  0.8535 -0.0000
-1.0e+00         43.60  1.4380  0.8517  0.5648  1.4380  0.8517 -0.0000
-1.0e+00         43.76  1.4406  0.8499  0.5604  1.4406  0.8499 -0.0000
-1.0e+00         43.92  1.4432  0.8481  0.5560  1.4432  0.8481 -0.0000
-1.0e+00         44.09  1.4459  0.8463  0.5515  1.4459  0.8463 -0.0000
-1.0e+00         44.25  1.4485  0.8445  0.5471  1.4485  0.8445 -0.0000
-1.0e+00         44.41  1.4511  0.8427  0.5427  1.4511  0.8427 -0.0000
-1.0e+00         44.58  1.4537  0.8409  0.5382  1.4537  0.8409 -0.0000
-1.0e+00         44.74  1.4564  0.8391  0.5338  1.4564  0.8391 -0.0000
-1.0e+00         44.90  1.4590  0.8373  0.5293  1.4590  0.8373 -0.0000
-1.0e+00         45.06  1.4616  0.8354  0.5248  1.4616  0.8354 -0.0000
-1.0e+00         45.22  1.4642  0.8336  0.5204  1.4642  0.8336 -0.0000
-1.0e+00         45.38  1.4669  0.8318  0.5159  1.4669  0.8318 -0.0000
-1.0e+00         45.54  1.4695  0.8299  0.5114  1.4695  0.8299 -0.0000
-1.0e+00         45.70  1.4721  0.8281  0.5069  1.4721  0.8281 -0.0000
-1.0e+00         45.86  1.4747  0.8263  0.5024  1.4747  0.8263 -0.0000
-1.0e+00         46.02  1.4773  0.8244  0.4979  1.4773  0.8244 -0.0000
-1.0e+00         46.17  1.4799  0.8226  0.4934  1.4799  0.8226 -0.0000
-1.0e+00         46.33  1.4825  0.8207  0.4889  1.4825  0.8207 -0.0000
-1.0e+00         46.49  1.4851  0.8189  0.4844  1.4851  0.8189 -0.0000
-1.0e+00         46.64  1.4877  0.8170  0.4799  1.4877  0.8170 -0.0000
-1.0e+00         46.80  1.4903  0.8151  0.4754  1.4903  0.8151 -0.0000
-1.0e+00         46.96  1.4929  0.8133  0.4708  1.4929  0.8133 -0.0000
-1.0e+00         47.11  1.4955  0.8114  0.4663  1.4955  0.8114 -0.0000
-1.0e+00         47.27  1.4981  0.8095  0.4618  1.4981  0.8095 -0.0000
-1.0e+00         47.42  1.5007  0.8076  0.4572  1.5007  0.8076 -0.0000
-1.0e+00         47.57  1.5032  0.8057  0.4527  1.5032  0.8057 -0.0000
-1.0e+00         47.73  1.5058  0.8039  0.4481  1.5058  0.8039 -0.0000
-1.0e+00         47.88  1.5084  0.8020  0.4436  1.5084  0.8020 -0.0000
-1.0e+00         48.03  1.5110  0.8001  0.4390  1.5110  0.8001 -0.0000
-1.0e+00         48.19  1.5135  0.7982  0.4345  1.5135  0.7982 -0.0000
-1.0e+00         48.34  1.5161  0.7963  0.4299  1.5161  0.7963 -0.0000
-1.0e+00         48.49  1.5187  0.7944  0.4254  1.5187  0.7944 -0.0000
-1.0e+00         48.64  1.5212  0.7925  0.4208  1.5212  0.7925 -0.0000
-1.0e+00         48.79  1.5238  0.7905  0.4162  1.5238  0.7905 -0.0000
-1.0e+00         48.95  1.5263  0.7886  0.4117  1.5263  0.7886 -0.0000
-1.0e+00         49.10  1.5289  0.7867  0.4071  1.5289  0.7867 -0.0000
-1.0e+00         49.25  1.5314  0.7848  0.4025  1.5314  0.7848 -0.0000
-1.0e+00         49.40  1.5340  0.7828  0.3979  1.5340  0.7828 -0.0000
-1.0e+00         49.55  1.5365  0.7809  0.3934  1.5365  0.7809 -0.0000
-1.0e+00         49.70  1.5391  0.7790  0.3888  1.5391  0.7790 -0.0000
-1.0e+00         49.84  1.5416  0.7770  0.3842  1.5416  0.7770 -0.0000
-1.0e+00         49.99  1.5441  0.7751  0.3796  1.5441  0.7751 -0.0000
-1.0e+00         50.14  1.5467  0.7731  0.3751  1.5467  0.7731 -0.0000
-1.0e+00         50.29  1.5492  0.7712  0.3705  1.5492  0.7712 -0.0000
-1.0e+00         50.44  1.5517  0.7692  0.3659  1.5517  0.7692 -0.0000
-1.0e+00         50.58  1.5542  0.7673  0.3613  1.5542  0.7673 -0.0000
-1.0e+00         50.73  1.5568  0.7653  0.3568  1.5568  0.7653 -0.0000
-1.0e+00         50.88  1.5593  0.7633  0.3522  1.5593  0.7633 -0.0000
-1.0e+00         51.02  1.5618  0.7614  0.3476  1.5618  0.7614 -0.0000
-1.0e+00         51.17  1.5643  0.7594  0.3430  1.5643  0.7594 -0.0000
-1.0e+00         51.32  1.5668  0.7574  0.3384  1.5668  0.7574 -0.0000
-1.0e+00         51.46  1.5693  0.7554  0.3339  1.5693  0.7554 -0.0000
-1.0e+00         51.61  1.5718  0.7534  0.3293  1.5718  0.7534 -0.0000
-1.0e+00         51.75  1.5743  0.7514  0.3247  1.5743  0.7514 -0.0000
-1.0e+00         51.90  1.5768  0.7495  0.3202  1.5768  0.7495 -0.0000
-1.0e+00         52.04  1.5792  0.7475  0.3156  1.5792  0.7475 -0.0000
-1.0e+00         52.18  1.5817  0.7455  0.3110  1.5817  0.7455 -0.0000
-1.0e+00         52.33  1.5842  0.7434  0.3065  1.5842  0.7434 -0.0000
-1.0e+00         52.47  1.5867  0.7414  0.3019  1.5867  0.7414 -0.0000
-1.0e+00         52.61  1.5891  0.7394  0.2973  1.5891  0.7394 -0.0000
-1.0e+00         52.76  1.5916  0.7374  0.2928  1.5916  0.7374 -0.0000
-1.0e+00         52.90  1.5941  0.7354  0.2882  1.5941  0.7354 -0.0000
-1.0e+00         53.04  1.5965  0.7333  0.2837  1.5965  0.7333 -0.0000
-1.0e+00         53.18  1.5990  0.7313  0.2791  1.5990  0.7313 -0.0000
-1.0e+00         53.33  1.6014  0.7293  0.2746  1.6014  0.7293 -0.0000
-1.0e+00         53.47  1.6038  0.7272  0.2700  1.6038  0.7272 -0.0000
-1.0e+00         53.61  1.6063  0.7252  0.2655  1.6063  0.7252 -0.0000
-1.0e+00         53.75  1.6087  0.7232  0.2610  1.6087  0.7232 -0.0000
-1.0e+00         53.89  1.6111  0.7211  0.2565  1.6111  0.7211 -0.0000
-1.0e+00         54.03  1.6136  0.7190  0.2519  1.6136  0.7190 -0.0000
-1.0e+00         54.17  1.6160  0.7170  0.2474  1.6160  0.7170 -0.0000
-1.0e+00         54.31  1.6184  0.7149  0.2429  1.6184  0.7149 -0.0000
-1.0e+00         54.45  1.6208  0.7129  0.2384  1.6208  0.7129 -0.0000
-1.0e+00         54.59  1.6232  0.7108  0.2339  1.6232  0.7108 -0.0000
-1.0e+00         54.73  1.6256  0.7087  0.2294  1.6256  0.7087 -0.0000
-1.0e+00         54.87  1.6280  0.7066  0.2249  1.6280  0.7066 -0.0000
-1.0e+00         55.01  1.6304  0.7046  0.2204  1.6304  0.7046 -0.0000
-1.0e+00         55.15  1.6328  0.7025  0.2160  1.6328  0.7025 -0.0000
-1.0e+00         55.29  1.6352  0.7004  0.2115  1.6352  0.7004 -0.0000
-1.0e+00         55.42  1.6376  0.6983  0.2070  1.6376  0.6983 -0.0000
-1.0e+00         55.56  1.6399  0.6962  0.2026  1.6399  0.6962 -0.0000
-1.0e+00         55.70  1.6423  0.6941  0.1981  1.6423  0.6941 -0.0000
-1.0e+00         55.84  1.6447  0.6920  0.1937  1.6447  0.6920 -0.0000
-1.0e+00         55.97  1.6470  0.6899  0.1892  1.6470  0.6899 -0.0000
-1.0e+00         56.11  1.6494  0.6877  0.1848  1.6494  0.6877 -0.0000
-1.0e+00         56.25  1.6517  0.6856  0.1804  1.6517  0.6856 -0.0000
-1.0e+00         56.39  1.6541  0.6835  0.1760  1.6541  0.6835 -0.0000
-1.0e+00         56.52  1.6564  0.6814  0.1716  1.6564  0.6814 -0.0000
-1.0e+00         56.66  1.6587  0.6792  0.1672  1.6587  0.6792 -0.0000
-1.0e+00         56.79  1.6611  0.6771  0.1628  1.6611  0.6771 -0.0000
-1.0e+00         56.93  1.6634  0.6750  0.1585  1.6634  0.6750 -0.0000
-1.0e+00         57.06  1.6657  0.6728  0.1541  1.6657  0.6728 -0.0000
-1.0e+00         57.20  1.6680  0.6707  0.1498  1.6680  0.6707 -0.0000
-1.0e+00         57.34  1.6703  0.6685  0.1454  1.6703  0.6685 -0.0000
-1.0e+00         57.47  1.6726  0.6664  0.1411  1.6726  0.6664 -0.0000
-1.0e+00         57.61  1.6749  0.6642  0.1368  1.6749  0.6642 -0.0000
-1.0e+00         57.74  1.6772  0.6620  0.1325  1.6772  0.6620 -0.0000
-1.0e+00         57.87  1.6795  0.6599  0.1282  1.6795  0.6599 -0.0000
-1.0e+00         58.01  1.6818  0.6577  0.1239  1.6818  0.6577 -0.0000
-1.0e+00         58.14  1.6841  0.6555  0.1196  1.6841  0.6555 -0.0000
-1.0e+00         58.28  1.6863  0.6533  0.1153  1.6863  0.6533 -0.0000
-1.0e+00         58.41  1.6886  0.6511  0.1111  1.6886  0.6511 -0.0000
-1.0e+00         58.54  1.6908  0.6490  0.1068  1.6908  0.6490 -0.0000
-1.0e+00         58.68  1.6931  0.6468  0.1026  1.6931  0.6468 -0.0000
-1.0e+00         58.81  1.6953  0.6446  0.0984  1.6953  0.6446 -0.0000
-1.0e+00         58.94  1.6976  0.6424  0.0942  1.6976  0.6424 -0.0000
-1.0e+00         59.07  1.6998  0.6401  0.0900  1.6998  0.6401 -0.0000
-1.0e+00         59.21  1.7020  0.6379  0.0858  1.7020  0.6379 -0.0000
-1.0e+00         59.34  1.7043  0.6357  0.0817  1.7043  0.6357 -0.0000
-1.0e+00         59.47  1.7065  0.6335  0.0775  1.7065  0.6335 -0.0000
-1.0e+00         59.60  1.7087  0.6313  0.0734  1.7087  0.6313 -0.0000
-1.0e+00         59.73  1.7109  0.6290  0.0693  1.7109  0.6290 -0.0000
-1.0e+00         59.87  1.7131  0.6268  0.0652  1.7131  0.6268 -0.0000
-1.0e+00         60.00  1.7153  0.6246  0.0611  1.7153  0.6246 -0.0000
-1.0e+00         60.13  1.7175  0.6223  0.0570  1.7175  0.6223 -0.0000
-1.0e+00         60.26  1.7196  0.6201  0.0530  1.7196  0.6201 -0.0000
-1.0e+00         60.39  1.7218  0.6178  0.0490  1.7218  0.6178 -0.0000
-1.0e+00         60.52  1.7240  0.6156  0.0449  1.7240  0.6156 -0.0000
-1.0e+00         60.65  1.7261  0.6133  0.0409  1.7261  0.6133 -0.0000
-1.0e+00         60.78  1.7283  0.6111  0.0369  1.7283  0.6111 -0.0000
-1.0e+00         60.91  1.7304  0.6088  0.0330  1.7304  0.6088 -0.0000
-1.0e+00         61.04  1.7326  0.6065  0.0290  1.7326  0.6065 -0.0000
-1.0e+00         61.17  1.7347  0.6042  0.0251  1.7347  0.6042 -0.0000
-1.0e+00         61.30  1.7368  0.6020  0.0212  1.7368  0.6020 -0.0000
-1.0e+00         61.43  1.7390  0.5997  0.0173  1.7390  0.5997 -0.0000
-1.0e+00         61.56  1.7411  0.5974  0.0134  1.7411  0.5974 -0.0000
-1.0e+00         61.69  1.7432  0.5951  0.0095  1.7432  0.5951 -0.0000
-1.0e+00         61.82  1.7453  0.5928  0.0057  1.7453  0.5928 -0.0000
-1.0e+00         61.95  1.7474  0.5905  0.0018  1.7474  0.5905 -0.0000
-1.0e+00         62.08  1.7495  0.5882 -0.0020  1.7495  0.5882 -0.0000
-1.0e+00         62.20  1.7516  0.5859 -0.0058  1.7516  0.5859 -0.0000
-1.0e+00         62.33  1.7536  0.5836 -0.0095  1.7536  0.5836 -0.0000
-1.0e+00         62.46  1.7557  0.5812 -0.0133  1.7557  0.5812 -0.0000
-1.0e+00         62.59  1.7578  0.5789 -0.0170  1.7578  0.5789 -0.0000
-1.0e+00         62.72  1.7598  0.5766 -0.0207  1.7598  0.5766 -0.0000
-1.0e+00         62.85  1.7619  0.5742 -0.0244  1.7619  0.5742 -0.0000
-1.0e+00         62.97  1.7639  0.5719 -0.0280  1.7639  0.5719 -0.0000
-1.0e+00         63.10  1.7659  0.5696 -0.0317  1.7659  0.5696 -0.0000
-1.0e+00         63.23  1.7680  0.5672 -0.0353  1.7680  0.5672 -0.0000
-1.0e+00         63.36  1.7700  0.5649 -0.0389  1.7700  0.5649 -0.0000
-1.0e+00         63.48  1.7720  0.5625 -0.0425  1.7720  0.5625 -0.0000
-1.0e+00         63.61  1.7740  0.5602 -0.0460  1.7740  0.5602 -0.0000
-1.0e+00         63.74  1.7760  0.5578 -0.0496  1.7760  0.5578 -0.0000
-1.0e+00         63.86  1.7780  0.5554 -0.0531  1.7780  0.5554 -0.0000
-1.0e+00         63.99  1.7800  0.5530 -0.0566  1.7800  0.5530 -0.0000
-1.0e+00         64.12  1.7819  0.5507 -0.0600  1.7819  0.5507 -0.0000
-1.0e+00         64.24  1.7839  0.5483 -0.0635  1.7839  0.5483 -0.0000
-1.0e+00         64.37  1.7859  0.5459 -0.0669  1.7859  0.5459 -0.0000
-1.0e+00         64.49  1.7878  0.5435 -0.0703  1.7878  0.5435 -0.0000
-1.0e+00         64.62  1.7898  0.5411 -0.0736  1.7898  0.5411 -0.0000
-1.0e+00         64.75  1.7917  0.5387 -0.0770  1.7917  0.5387 -0.0000
-1.0e+00         64.87  1.7936  0.5363 -0.0803  1.7936  0.5363 -0.0000
-1.0e+00         65.00  1.7955  0.5339 -0.0836  1.7955  0.5339 -0.0000
-1.0e+00         65.12  1.7975  0.5315 -0.0868  1.7975  0.5315 -0.0000
-1.0e+00         65.25  1.7994  0.5291 -0.0901  1.7994  0.5291 -0.0000
-1.0e+00         65.37  1.8013  0.5266 -0.0933  1.8013  0.5266 -0.0000
-1.0e+00         65.50  1.8032  0.5242 -0.0964  1.8032  0.5242 -0.0000
-1.0e+00         65.62  1.8050  0.5218 -0.0996  1.8050  0.5218 -0.0000
-1.0e+00         65.75  1.8069  0.5193 -0.1027  1.8069  0.5193 -0.0000
-1.0e+00         65.87  1.8088  0.5169 -0.1058  1.8088  0.5169 -0.0000
-1.0e+00         66.00  1.8106  0.5144 -0.1089  1.8106  0.5144 -0.0000
-1.0e+00         66.12  1.8125  0.5120 -0.1119  1.8125  0.5120 -0.0000
-1.0e+00         66.25  1.8143  0.5095 -0.1150  1.8143  0.5095 -0.0000
-1.0e+00         66.37  1.8162  0.5071 -0.1180  1.8162  0.5071 -0.0000
-1.0e+00         66.49  1.8180  0.5046 -0.1209  1.8180  0.5046 -0.0000
-1.0e+00         66.62  1.8198  0.5021 -0.1238  1.8198  0.5021 -0.0000
-1.0e+00         66.74  1.8216  0.4997 -0.1267  1.8216  0.4997 -0.0000
-1.0e+00         66.86  1.8234  0.4972 -0.1296  1.8234  0.4972 -0.0000
-1.0e+00         66.99  1.8252  0.4947 -0.1325  1.8252  0.4947 -0.0000
-1.0e+00         67.11  1.8270  0.4922 -0.1353  1.8270  0.4922 -0.0000
-1.0e+00         67.23  1.8288  0.4897 -0.1381  1.8288  0.4897 -0.0000
-1.0e+00         67.36  1.8306  0.4872 -0.1408  1.8306  0.4872 -0.0000
-1.0e+00         67.48  1.8323  0.4847 -0.1435  1.8323  0.4847 -0.0000
-1.0e+00         67.60  1.8341  0.4822 -0.1462  1.8341  0.4822 -0.0000
-1.0e+00         67.73  1.8358  0.4797 -0.1489  1.8358  0.4797 -0.0000
-1.0e+00         67.85  1.8376  0.4772 -0.1515  1.8376  0.4772 -0.0000
-1.0e+00         67.97  1.8393  0.4747 -0.1541  1.8393  0.4747 -0.0000
-1.0e+00         68.10  1.8410  0.4721 -0.1566  1.8410  0.4721 -0.0000
-1.0e+00         68.22  1.8427  0.4696 -0.1592  1.8427  0.4696 -0.0000
-1.0e+00         68.34  1.8445  0.4671 -0.1617  1.8445  0.4671 -0.0000
-1.0e+00         68.46  1.8462  0.4645 -0.1641  1.8462  0.4645 -0.0000
-1.0e+00         68.58  1.8478  0.4620 -0.1666  1.8478  0.4620 -0.0000
-1.0e+00         68.71  1.8495  0.4594 -0.1690  1.8495  0.4594 -0.0000
-1.0e+00         68.83  1.8512  0.4569 -0.1713  1.8512  0.4569 -0.0000
-1.0e+00         68.95  1.8529  0.4543 -0.1737  1.8529  0.4543 -0.0000
-1.0e+00         69.07  1.8545  0.4518 -0.1759  1.8545  0.4518 -0.0000
-1.0e+00         69.19  1.8561  0.4492 -0.1782  1.8561  0.4492 -0.0000
-1.0e+00         69.32  1.8578  0.4466 -0.1804  1.8578  0.4466 -0.0000
-1.0e+00         69.44  1.8594  0.4440 -0.1826  1.8594  0.4440 -0.0000
-1.0e+00         69.56  1.8610  0.4415 -0.1848  1.8610  0.4415 -0.0000
-1.0e+00         69.68  1.8626  0.4389 -0.1869  1.8626  0.4389 -0.0000
-1.0e+00         69.80  1.8642  0.4363 -0.1890  1.8642  0.4363 -0.0000
-1.0e+00         69.92  1.8658  0.4337 -0.1910  1.8658  0.4337 -0.0000
-1.0e+00         70.04  1.8674  0.4311 -0.1930  1.8674  0.4311 -0.0000
-1.0e+00         70.16  1.8690  0.4285 -0.1950  1.8690  0.4285 -0.0000
-1.0e+00         70.28  1.8706  0.4259 -0.1970  1.8706  0.4259 -0.0000
-1.0e+00         70.40  1.8721  0.4233 -0.1989  1.8721  0.4233 -0.0000
-1.0e+00         70.53  1.8737  0.4207 -0.2007  1.8737  0.4207 -0.0000
-1.0e+00         70.65  1.8752  0.4180 -0.2025  1.8752  0.4180 -0.0000
-1.0e+00         70.77  1.8767  0.4154 -0.2043  1.8767  0.4154 -0.0000
-1.0e+00         70.89  1.8783  0.4128 -0.2061  1.8783  0.4128 -0.0000
-1.0e+00         71.01  1.8798  0.4101 -0.2078  1.8798  0.4101 -0.0000
-1.0e+00         71.13  1.8813  0.4075 -0.2095  1.8813  0.4075 -0.0000
-1.0e+00         71.25  1.8828  0.4049 -0.2111  1.8828  0.4049 -0.0000
-1.0e+00         71.37  1.8843  0.4022 -0.2127  1.8843  0.4022 -0.0000
-1.0e+00         71.49  1.8857  0.3995 -0.2143  1.8857  0.3995 -0.0000
-1.0e+00         71.61  1.8872  0.3969 -0.2158  1.8872  0.3969 -0.0000
-1.0e+00         71.73  1.8887  0.3942 -0.2173  1.8887  0.3942 -0.0000
-1.0e+00         71.85  1.8901  0.3916 -0.2187  1.8901  0.3916 -0.0000
-1.0e+00         71.97  1.8915  0.3889 -0.2201  1.8915  0.3889 -0.0000
-1.0e+00         72.09  1.8930  0.3862 -0.2215  1.8930  0.3862 -0.0000
-1.0e+00         72.21  1.8944  0.3835 -0.2228  1.8944  0.3835 -0.0000
-1.0e+00         72.32  1.8958  0.3808 -0.2241  1.8958  0.3808 -0.0000
-1.0e+00         72.44  1.8972  0.3782 -0.2253  1.8972  0.3782 -0.0000
-1.0e+00         72.56  1.8986  0.3755 -0.2265  1.8986  0.3755 -0.0000
-1.0e+00         72.68  1.9000  0.3728 -0.2277  1.9000  0.3728 -0.0000
-1.0e+00         72.80  1.9014  0.3701 -0.2288  1.9014  0.3701 -0.0000
-1.0e+00         72.92  1.9027  0.3674 -0.2299  1.9027  0.3674 -0.0000
-1.0e+00         73.04  1.9041  0.3646 -0.2309  1.9041  0.3646 -0.0000
-1.0e+00         73.16  1.9054  0.3619 -0.2319  1.9054  0.3619 -0.0000
-1.0e+00         73.28  1.9068  0.3592 -0.2329  1.9068  0.3592 -0.0000
-1.0e+00         73.40  1.9081  0.3565 -0.2338  1.9081  0.3565 -0.0000
-1.0e+00         73.51  1.9094  0.3538 -0.2346  1.9094  0.3538 -0.0000
-1.0e+00         73.63  1.9107  0.3510 -0.2355  1.9107  0.3510 -0.0000
-1.0e+00         73.75  1.9120  0.3483 -0.2362  1.9120  0.3483 -0.0000
-1.0e+00         73.87  1.9133  0.3456 -0.2370  1.9133  0.3456 -0.0000
-1.0e+00         73.99  1.9146  0.3428 -0.2377  1.9146  0.3428 -0.0000
-1.0e+00         74.11  1.9158  0.3401 -0.2383  1.9158  0.3401 -0.0000
-1.0e+00         74.22  1.9171  0.3373 -0.2389  1.9171  0.3373 -0.0000
-1.0e+00         74.34  1.9184  0.3346 -0.2395  1.9184  0.3346 -0.0000
-1.0e+00         74.46  1.9196  0.3318 -0.2400  1.9196  0.3318 -0.0000
-1.0e+00         74.58  1.9208  0.3290 -0.2405  1.9208  0.3290 -0.0000
-1.0e+00         74.70  1.9221  0.3263 -0.2409  1.9221  0.3263 -0.0000
-1.0e+00         74.81  1.9233  0.3235 -0.2413  1.9233  0.3235 -0.0000
-1.0e+00         74.93  1.9245  0.3207 -0.2417  1.9245  0.3207 -0.0000
-1.0e+00         75.05  1.9257  0.3179 -0.2420  1.9257  0.3179 -0.0000
-1.0e+00         75.17  1.9268  0.3152 -0.2422  1.9268  0.3152 -0.0000
-1.0e+00         75.28  1.9280  0.3124 -0.2425  1.9280  0.3124 -0.0000
-1.0e+00         75.40  1.9292  0.3096 -0.2426  1.9292  0.3096 -0.0000
-1.0e+00         75.52  1.9303  0.3068 -0.2428  1.9303  0.3068 -0.0000
-1.0e+00         75.64  1.9315  0.3040 -0.2428  1.9315  0.3040 -0.0000
-1.0e+00         75.75  1.9326  0.3012 -0.2429  1.9326  0.3012 -0.0000
-1.0e+00         75.87  1.9337  0.2984 -0.2429  1.9337  0.2984 -0.0000
-1.0e+00         75.99  1.9349  0.2956 -0.2428  1.9349  0.2956 -0.0000
-1.0e+00         76.11  1.9360  0.2928 -0.2427  1.9360  0.2928 -0.0000
-1.0e+00         76.22  1.9371  0.2900 -0.2426  1.9371  0.2900 -0.0000
-1.0e+00         76.34  1.9382  0.2872 -0.2424  1.9382  0.2872 -0.0000
-1.0e+00         76.46  1.9392  0.2843 -0.2422  1.9392  0.2843 -0.0000
-1.0e+00         76.57  1.9403  0.2815 -0.2419  1.9403  0.2815 -0.0000
-1.0e+00         76.69  1.9414  0.2787 -0.2416  1.9414  0.2787 -0.0000
-1.0e+00         76.81  1.9424  0.2759 -0.2412  1.9424  0.2759 -0.0000
-1.0e+00         76.92  1.9434  0.2730 -0.2408  1.9434  0.2730 -0.0000
-1.0e+00         77.04  1.9445  0.2702 -0.2403  1.9445  0.2702 -0.0000
-1.0e+00         77.16  1.9455  0.2674 -0.2398  1.9455  0.2674 -0.0000
-1.0e+00         77.27  1.9465  0.2645 -0.2393  1.9465  0.2645 -0.0000
-1.0e+00         77.39  1.9475  0.2617 -0.2387  1.9475  0.2617 -0.0000
-1.0e+00         77.51  1.9485  0.2589 -0.2380  1.9485  0.2589 -0.0000
-1.0e+00         77.62  1.9495  0.2560 -0.2373  1.9495  0.2560 -0.0000
-1.0e+00         77.74  1.9504  0.2532 -0.2366  1.9504  0.2532 -0.0000
-1.0e+00         77.86  1.9514  0.2503 -0.2358  1.9514  0.2503 -0.0000
-1.0e+00         77.97  1.9523  0.2475 -0.2350  1.9523  0.2475 -0.0000
-1.0e+00         78.09  1.9533  0.2446 -0.2341  1.9533  0.2446 -0.0000
-1.0e+00         78.20  1.9542  0.2418 -0.2332  1.9542  0.2418 -0.0000
-1.0e+00         78.32  1.9551  0.2389 -0.2323  1.9551  0.2389 -0.0000
-1.0e+00         78.44  1.9560  0.2360 -0.2313  1.9560  0.2360 -0.0000
-1.0e+00         78.55  1.9569  0.2332 -0.2302  1.9569  0.2332 -0.0000
-1.0e+00         78.67  1.9578  0.2303 -0.2291  1.9578  0.2303 -0.0000
-1.0e+00         78.78  1.9587  0.2275 -0.2280  1.9587  0.2275 -0.0000
-1.0e+00         78.90  1.9596  0.2246 -0.2268  1.9596  0.2246 -0.0000
-1.0e+00         79.02  1.9605  0.2218 -0.2256  1.9605  0.2218 -0.0000
-1.0e+00         79.13  1.9613  0.2189 -0.2243  1.9613  0.2189 -0.0000
-1.0e+00         79.25  1.9622  0.2160 -0.2230  1.9622  0.2160 -0.0000
-1.0e+00         79.36  1.9630  0.2132 -0.2217  1.9630  0.2132 -0.0000
-1.0e+00         79.48  1.9638  0.2103 -0.2203  1.9638  0.2103 -0.0000
-1.0e+00         79.59  1.9646  0.2074 -0.2188  1.9646  0.2074 -0.0000
-1.0e+00         79.71  1.9654  0.2046 -0.2173  1.9654  0.2046 -0.0000
-1.0e+00         79.83  1.9662  0.2017 -0.2158  1.9662  0.2017 -0.0000
-1.0e+00         79.94  1.9670  0.1988 -0.2142  1.9670  0.1988 -0.0000
-1.0e+00         80.06  1.9678  0.1960 -0.2126  1.9678  0.1960 -0.0000
-1.0e+00         80.17  1.9685  0.1931 -0.2109  1.9685  0.1931 -0.0000
-1.0e+00         80.29  1.9693  0.1903 -0.2092  1.9693  0.1903 -0.0000
-1.0e+00         80.40  1.9700  0.1874 -0.2075  1.9700  0.1874 -0.0000
-1.0e+00         80.52  1.9708  0.1845 -0.2057  1.9708  0.1845 -0.0000
-1.0e+00         80.63  1.9715  0.1817 -0.2039  1.9715  0.1817 -0.0000
-1.0e+00         80.75  1.9722  0.1788 -0.2020  1.9722  0.1788 -0.0000
-1.0e+00         80.86  1.9729  0.1760 -0.2001  1.9729  0.1760 -0.0000
-1.0e+00         80.98  1.9736  0.1731 -0.1981  1.9736  0.1731 -0.0000
-1.0e+00         81.09  1.9743  0.1703 -0.1961  1.9743  0.1703 -0.0000
-1.0e+00         81.21  1.9750  0.1674 -0.1941  1.9750  0.1674 -0.0000
-1.0e+00         81.32  1.9757  0.1646 -0.1920  1.9757  0.1646 -0.0000
-1.0e+00         81.44  1.9763  0.1618 -0.1899  1.9763  0.1618 -0.0000
-1.0e+00         81.55  1.9770  0.1589 -0.1878  1.9770  0.1589 -0.0000
-1.0e+00         81.67  1.9776  0.1561 -0.1856  1.9776  0.1561 -0.0000
-1.0e+00         81.78  1.9782  0.1533 -0.1834  1.9782  0.1533 -0.0000
-1.0e+00         81.90  1.9789  0.1504 -0.1811  1.9789  0.1504 -0.0000
-1.0e+00         82.01  1.9795  0.1476 -0.1788  1.9795  0.1476 -0.0000
-1.0e+00         82.13  1.9801  0.1448 -0.1765  1.9801  0.1448 -0.0000
-1.0e+00         82.24  1.9807  0.1420 -0.1741  1.9807  0.1420 -0.0000
-1.0e+00         82.36  1.9813  0.1392 -0.1717  1.9813  0.1392 -0.0000
-1.0e+00         82.47  1.9818  0.1364 -0.1693  1.9818  0.1364 -0.0000
-1.0e+00         82.59  1.9824  0.1336 -0.1668  1.9824  0.1336 -0.0000
-1.0e+00         82.70  1.9829  0.1308 -0.1643  1.9829  0.1308 -0.0000
-1.0e+00         82.82  1.9835  0.1281 -0.1617  1.9835  0.1281 -0.0000
-1.0e+00         82.93  1.9840  0.1253 -0.1592  1.9840  0.1253 -0.0000
-1.0e+00         83.04  1.9846  0.1225 -0.1565  1.9846  0.1225 -0.0000
-1.0e+00         83.16  1.9851  0.1198 -0.1539  1.9851  0.1198 -0.0000
-1.0e+00         83.27  1.9856  0.1170 -0.1512  1.9856  0.1170 -0.0000
-1.0e+00         83.39  1.9861  0.1143 -0.1486  1.9861  0.1143 -0.0000
-1.0e+00         83.50  1.9866  0.1116 -0.1458  1.9866  0.1116 -0.0000
-1.0e+00         83.62  1.9870  0.1088 -0.1431  1.9870  0.1088 -0.0000
-1.0e+00         83.73  1.9875  0.1061 -0.1403  1.9875  0.1061 -0.0000
-1.0e+00         83.85  1.9880  0.1034 -0.1375  1.9880  0.1034 -0.0000
-1.0e+00         83.96  1.9884  0.1007 -0.1347  1.9884  0.1007 -0.0000
-1.0e+00         84.07  1.9889  0.0981 -0.1318  1.9889  0.0981 -0.0000
-1.0e+00         84.19  1.9893  0.0954 -0.1289  1.9893  0.0954 -0.0000
-1.0e+00         84.30  1.9897  0.0928 -0.1261  1.9897  0.0928 -0.0000
-1.0e+00         84.42  1.9902  0.0901 -0.1231  1.9902  0.0901 -0.0000
-1.0e+00         84.53  1.9906  0.0875 -0.1202  1.9906  0.0875 -0.0000
-1.0e+00         84.64  1.9910  0.0849 -0.1173  1.9910  0.0849 -0.0000
-1.0e+00         84.76  1.9914  0.0823 -0.1143  1.9914  0.0823 -0.0000
-1.0e+00         84.87  1.9917  0.0797 -0.1113  1.9917  0.0797 -0.0000
-1.0e+00         84.99  1.9921  0.0772 -0.1083  1.9921  0.0772 -0.0000
-1.0e+00         85.10  1.9925  0.0746 -0.1053  1.9925  0.0746 -0.0000
-1.0e+00         85.22  1.9928  0.0721 -0.1023  1.9928  0.0721 -0.0000
-1.0e+00         85.33  1.9932  0.0696 -0.0992  1.9932  0.0696 -0.0000
-1.0e+00         85.44  1.9935  0.0671 -0.0962  1.9935  0.0671 -0.0000
-1.0e+00         85.56  1.9938  0.0646 -0.0931  1.9938  0.0646 -0.0000
-1.0e+00         85.67  1.9941  0.0622 -0.0901  1.9941  0.0622 -0.0000
-1.0e+00         85.79  1.9945  0.0598 -0.0870  1.9945  0.0598 -0.0000
-1.0e+00         85.90  1.9948  0.0574 -0.0840  1.9948  0.0574 -0.0000
-1.0e+00         86.01  1.9950  0.0550 -0.0809  1.9950  0.0550 -0.0000
-1.0e+00         86.13  1.9953  0.0527 -0.0778  1.9953  0.0527 -0.0000
-1.0e+00         86.24  1.9956  0.0503 -0.0748  1.9956  0.0503 -0.0000
-1.0e+00         86.36  1.9959  0.0480 -0.0718  1.9959  0.0480 -0.0000
-1.0e+00         86.47  1.9961  0.0458 -0.0687  1.9961  0.0458 -0.0000
-1.0e+00         86.58  1.9964  0.0435 -0.0657  1.9964  0.0435 -0.0000
-1.0e+00         86.70  1.9966  0.0413 -0.0627  1.9966  0.0413 -0.0000
-1.0e+00         86.81  1.9968  0.0392 -0.0597  1.9968  0.0392 -0.0000
-1.0e+00         86.92  1.9971  0.0370 -0.0567  1.9971  0.0370 -0.0000
-1.0e+00         87.04  1.9973  0.0349 -0.0538  1.9973  0.0349 -0.0000
-1.0e+00         87.15  1.9975  0.0328 -0.0508  1.9975  0.0328 -0.0000
-1.0e+00         87.27  1.9977  0.0308 -0.0479  1.9977  0.0308 -0.0000
-1.0e+00         87.38  1.9979  0.0288 -0.0450  1.9979  0.0288 -0.0000
-1.0e+00         87.49  1.9981  0.0269 -0.0422  1.9981  0.0269 -0.0000
-1.0e+00         87.61  1.9982  0.0249 -0.0394  1.9982  0.0249 -0.0000
-1.0e+00         87.72  1.9984  0.0231 -0.0367  1.9984  0.0231 -0.0000
-1.0e+00         87.84  1.9986  0.0213 -0.0339  1.9986  0.0213 -0.0000
-1.0e+00         87.95  1.9987  0.0195 -0.0313  1.9987  0.0195 -0.0000
-1.0e+00         88.06  1.9988  0.0178 -0.0287  1.9988  0.0178 -0.0000
-1.0e+00         88.18  1.9990  0.0161 -0.0261  1.9990  0.0161 -0.0000
-1.0e+00         88.29  1.9991  0.0145 -0.0237  1.9991  0.0145 -0.0000
-1.0e+00         88.40  1.9992  0.0130 -0.0212  1.9992  0.0130 -0.0000
-1.0e+00         88.52  1.9993  0.0115 -0.0189  1.9993  0.0115 -0.0000
-1.0e+00         88.63  1.9994  0.0100 -0.0167  1.9994  0.0100 -0.0000
-1.0e+00         88.74  1.9995  0.0087 -0.0145  1.9995  0.0087 -0.0000
-1.0e+00         88.86  1.9996  0.0074 -0.0124  1.9996  0.0074 -0.0000
-1.0e+00         88.97  1.9997  0.0062 -0.0105  1.9997  0.0062 -0.0000
-1.0e+00         89.09  1.9997  0.0051 -0.0087  1.9997  0.0051 -0.0000
-1.0e+00         89.20  1.9998  0.0041 -0.0069  1.9998  0.0041 -0.0000
-1.0e+00         89.31  1.9999  0.0031 -0.0054  1.9999  0.0031 -0.0000
-1.0e+00         89.43  1.9999  0.0023 -0.0040  1.9999  0.0023 -0.0000
 0.0e+00          0.00  1.0667  1.0667  1.0667  1.0667  1.0667 -0.0000
 0.0e+00          3.61  1.1129  1.0683  1.0179  1.0914  1.0438  0.0005
 0.0e+00          5.11  1.1312  1.0699  0.9970  1.1022  1.0348  0.0011
 0.0e+00          6.25  1.1450  1.0715  0.9806  1.1107  1.0281  0.0016
 0.0e+00          7.22  1.1564  1.0731  0.9666  1.1181  1.0225  0.0021
 0.0e+00          8.08  1.1663  1.0747  0.9542  1.1247  1.0177  0.0027
 0.0e+00          8.85  1.1751  1.0763  0.9428  1.1308  1.0134  0.0032
 0.0e+00          9.56  1.1831  1.0779  0.9323  1.1364  1.0095  0.0037
 0.0e+00         10.22  1.1904  1.0794  0.9224  1.1418  1.0059  0.0043
 0.0e+00         10.84  1.1972  1.0810  0.9130  1.1469  1.0026  0.0048
 0.0e+00         11.43  1.2036  1.0825  0.9041  1.1518  0.9994  0.0054
 0.0e+00         11.99  1.2096  1.0840  0.8955  1.1565  0.9965  0.0059
 0.0e+00         12.53  1.2152  1.0855  0.8873  1.1611  0.9937  0.0064
 0.0e+00         13.04  1.2206  1.0870  0.8794  1.1655  0.9910  0.0070
 0.0e+00         13.54  1.2257  1.0885  0.8717  1.1698  0.9885  0.0075
 0.0e+00         14.01  1.2306  1.0900  0.8642  1.1740  0.9860  0.0081
 0.0e+00         14.48  1.2353  1.0914  0.8570  1.1781  0.9837  0.0086
 0.0e+00         14.92  1.2398  1.0928  0.8500  1.1821  0.9814  0.0092
 0.0e+00         15.36  1.2441  1.0943  0.8431  1.1861  0.9792  0.0097
 0.0e+00         15.78  1.2483  1.0957  0.8364  1.1899  0.9771  0.0103
 0.0e+00         16.19  1.2523  1.0971  0.8298  1.1937  0.9751  0.0108
 0.0e+00         16.60  1.2562  1.0984  0.8233  1.1974  0.9730  0.0114
 0.0e+00         16.99  1.2600  1.0998  0.8170  1.2011  0.9711  0.0119
 0.0e+00         17.38  1.2636  1.1011  0.8108  1.2047  0.9692  0.0125
 0.0e+00         17.75  1.2672  1.1025  0.8047  1.2083  0.9673  0.0130
 0.0e+00         18.12  1.2707  1.1038  0.7987  1.2118  0.9655  0.0136
 0.0e+00         18.48  1.2741  1.1051  0.7928  1.2153  0.9638  0.0142
 0.0e+00         18.84  1.2773  1.1064  0.7870  1.2187  0.9620  0.0147
 0.0e+00         19.19  1.2805  1.1076  0.7813  1.2221  0.9603  0.0153
 0.0e+00         19.53  1.2837  1.1089  0.7757  1.2255  0.9586  0.0158
 0.0e+00         19.87  1.2867  1.1101  0.7701  1.2288  0.9570  0.0164
 0.0e+00         20.20  1.2897  1.1113  0.7646  1.2321  0.9554  0.0170
 0.0e+00         20.53  1.2927  1.1125  0.7592  1.2353  0.9538  0.0175
 0.0e+00         20.85  1.2955  1.1137  0.7539  1.2386  0.9522  0.0181
 0.0e+00         21.16  1.2984  1.1148  0.7486  1.2418  0.9507  0.0187
 0.0e+00         21.48  1.3011  1.1160  0.7434  1.2449  0.9492  0.0192
 0.0e+00         21.79  1.3038  1.1171  0.7382  1.2481  0.9477  0.0198
 0.0e+00         22.09  1.3065  1.1182  0.7331  1.2512  0.9462  0.0204
 0.0e+00         22.39  1.3091  1.1192  0.7280  1.2543  0.9447  0.0209
 0.0e+00         22.69  1.3117  1.1203  0.7230  1.2574  0.9433  0.0215
 0.0e+00         22.98  1.3142  1.1213  0.7181  1.2605  0.9418  0.0221
 0.0e+00         23.27  1.3167  1.1223  0.7132  1.2635  0.9404  0.0226
 0.0e+00         23.56  1.3192  1.1233  0.7083  1.2665  0.9390  0.0232
 0.0e+00         23.84  1.3216  1.1243  0.7035  1.2695  0.9376  0.0238
 0.0e+00         24.12  1.3240  1.1253  0.6987  1.2725  0.9363  0.0244
 0.0e+00         24.39  1.3263  1.1262  0.6940  1.2754  0.9349  0.0249
 0.0e+00         24.67  1.3287  1.1271  0.6893  1.2784  0.9336  0.0255
 0.0e+00         24.94  1.3310  1.1280  0.6846  1.2813  0.9322  0.0261
 0.0e+00         25.21  1.3332  1.1288  0.6800  1.2842  0.9309  0.0267
 0.0e+00         25.47  1.3355  1.1297  0.6754  1.2871  0.9296  0.0273
 0.0e+00         25.74  1.3377  1.1305  0.6708  1.2900  0.9283  0.0278
 0.0e+00         26.00  1.3399  1.1313  0.6663  1.2929  0.9270  0.0284
 0.0e+00         26.26  1.3421  1.1320  0.6618  1.2957  0.9257  0.0290
 0.0e+00         26.51  1.3442  1.1328  0.6574  1.2986  0.9244  0.0296
 0.0e+00         26.76  1.3464  1.1335  0.6530  1.3014  0.9231  0.0302
 0.0e+00         27.02  1.3485  1.1342  0.6486  1.3042  0.9219  0.0307
 0.0e+00         27.26  1.3506  1.1348  0.6442  1.3070  0.9206  0.0313
 0.0e+00         27.51  1.3527  1.1355  0.6399  1.3098  0.9193  0.0319
 0.0e+00         27.76  1.3547  1.1361  0.6356  1.3126  0.9181  0.0325
 0.0e+00         28.00  1.3568  1.1367  0.6313  1.3153  0.9168  0.0331
 0.0e+00         28.24  1.3588  1.1372  0.6271  1.3181  0.9156  0.0337
 0.0e+00         28.48  1.3609  1.1378  0.6228  1.3208  0.9144  0.0342
 0.0e+00         28.72  1.3629  1.1383  0.6186  1.3236  0.9131  0.0348
 0.0e+00         28.95  1.3649  1.1388  0.6145  1.3263  0.9119  0.0354
 0.0e+00         29.19  1.3669  1.1392  0.6103  1.3290  0.9107  0.0360
 0.0e+00         29.42  1.3689  1.1397  0.6062  1.3317  0.9095  0.0366
 0.0e+00         29.65  1.3708  1.1401  0.6021  1.3344  0.9082  0.0372
 0.0e+00         29.88  1.3728  1.1405  0.5980  1.3371  0.9070  0.0378
 0.0e+00         30.11  1.3747  1.1408  0.5939  1.3398  0.9058  0.0384
 0.0e+00         30.33  1.3767  1.1411  0.5899  1.3424  0.9046  0.0389
 0.0e+00         30.56  1.3786  1.1414  0.5859  1.3451  0.9034  0.0395
 0.0e+00         30.78  1.3806  1.1417  0.5819  1.3477  0.9022  0.0401
 0.0e+00         31.00  1.3825  1.1420  0.5779  1.3504  0.9010  0.0407
 0.0e+00         31.22  1.3844  1.1422  0.5739  1.3530  0.8998  0.0413
 0.0e+00         31.44  1.3864  1.1424  0.5700  1.3556  0.8986  0.0419
 0.0e+00         31.66  1.3883  1.1425  0.5661  1.3583  0.8974  0.0425
 0.0e+00         31.87  1.3902  1.1427  0.5622  1.3609  0.8962  0.0431
 0.0e+00         32.09  1.3921  1.1428  0.5583  1.3635  0.8950  0.0437
 0.0e+00         32.30  1.3940  1.1428  0.5544  1.3661  0.8938  0.0443
 0.0e+00         32.51  1.3959  1.1429  0.5506  1.3687  0.8926  0.0449
 0.0e+00         32.72  1.3978  1.1429  0.5467  1.3712  0.8914  0.0454
 0.0e+00         32.93  1.3997  1.1429  0.5429  1.3738  0.8902  0.0460
 0.0e+00         33.14  1.4016  1.1429  0.5391  1.3764  0.8890  0.0466
 0.0e+00         33.35  1.4035  1.1428  0.5353  1.3790  0.8878  0.0472
 0.0e+00         33.56  1.4054  1.1427  0.5316  1.3815  0.8866  0.0478
 0.0e+00         33.76  1.4073  1.1426  0.5278  1.3841  0.8854  0.0484
 0.0e+00         33.97  1.4092  1.1425  0.5241  1.3866  0.8842  0.0490
 0.0e+00         34.17  1.4111  1.1423  0.5204  1.3891  0.8830  0.0496
 0.0e+00         34.37  1.4130  1.1421  0.5167  1.3917  0.8818  0.0502
 0.0e+00         34.57  1.4149  1.1418  0.5130  1.3942  0.8806  0.0508
 0.0e+00         34.77  1.4168  1.1416  0.5093  1.3967  0.8794  0.0514
 0.0e+00         34.97  1.4187  1.1413  0.5056  1.3992  0.8782  0.0520
 0.0e+00         35.17  1.4206  1.1410  0.5020  1.4017  0.8770  0.0526
 0.0e+00         35.36  1.4225  1.1406  0.4983  1.4042  0.8758  0.0532
 0.0e+00         35.56  1.4244  1.1403  0.4947  1.4067  0.8746  0.0538
 0.0e+00         35.75  1.4263  1.1399  0.4911  1.4092  0.8734  0.0544
 0.0e+00         35.95  1.4282  1.1394  0.4875  1.4117  0.8721  0.0549
 0.0e+00         36.14  1.4301  1.1390  0.4839  1.4142  0.8709  0.0555
 0.0e+00         36.33  1.4320  1.1385  0.4803  1.4167  0.8697  0.0561
 0.0e+00         36.53  1.4339  1.1380  0.4768  1.4191  0.8685  0.0567
 0.0e+00         36.72  1.4358  1.1374  0.4732  1.4216  0.8673  0.0573
 0.0e+00         36.91  1.4378  1.1369  0.4697  1.4241  0.8660  0.0579
 0.0e+00         37.10  1.4397  1.1363  0.4662  1.4265  0.8648  0.0585
 0.0e+00         37.28  1.4416  1.1356  0.4627  1.4290  0.8636  0.0591
 0.0e+00         37.47  1.4435  1.1350  0.4591  1.4314  0.8623  0.0597
 0.0e+00         37.66  1.4454  1.1343  0.4557  1.4339  0.8611  0.0603
 0.0e+00         37.84  1.4474  1.1336  0.4522  1.4363  0.8599  0.0609
 0.0e+00         38.03  1.4493  1.1329  0.4487  1.4387  0.8586  0.0615
 0.0e+00         38.21  1.4512  1.1321  0.4453  1.4412  0.8574  0.0621
 0.0e+00         38.40  1.4532  1.1313  0.4418  1.4436  0.8561  0.0626
 0.0e+00         38.58  1.4551  1.1305  0.4384  1.4460  0.8549  0.0632
 0.0e+00         38.76  1.4570  1.1297  0.4349  1.4484  0.8536  0.0638
 0.0e+00         38.94  1.4590  1.1288  0.4315  1.4508  0.8523  0.0644
 0.0e+00         39.12  1.4609  1.1279  0.4281  1.4533  0.8511  0.0650
 0.0e+00         39.30  1.4629  1.1270  0.4247  1.4557  0.8498  0.0656
 0.0e+00         39.48  1.4648  1.1261  0.4213  1.4581  0.8485  0.0662
 0.0e+00         39.66  1.4668  1.1251  0.4180  1.4604  0.8473  0.0668
 0.0e+00         39.84  1.4687  1.1241  0.4146  1.4628  0.8460  0.0674
 0.0e+00         40.01  1.4707  1.1231  0.4112  1.4652  0.8447  0.0679
 0.0e+00         40.19  1.4727  1.1220  0.4079  1.4676  0.8434  0.0685
 0.0e+00         40.37  1.4746  1.1209  0.4045  1.4700  0.8421  0.0691
 0.0e+00         40.54  1.4766  1.1198  0.4012  1.4724  0.8408  0.0697
 0.0e+00         40.72  1.4786  1.1187  0.3979  1.4747  0.8395  0.0703
 0.0e+00         40.89  1.4805  1.1176  0.3946  1.4771  0.8382  0.0709
 0.0e+00         41.06  1.4825  1.1164  0.3913  1.4795  0.8369  0.0715
 0.0e+00         41.24  1.4845  1.1152  0.3880  1.4818  0.8356  0.0720
 0.0e+00         41.41  1.4865  1.1140  0.3847  1.4842  0.8342  0.0726
 0.0e+00         41.58  1.4885  1.1127  0.3814  1.4865  0.8329  0.0732
 0.0e+00         41.75  1.4905  1.1114  0.3782  1.4889  0.8316  0.0738
 0.0e+00         41.92  1.4925  1.1101  0.3749  1.4912  0.8303  0.0744
 0.0e+00         42.09  1.4945  1.1088  0.3717  1.4935  0.8289  0.0749
 0.0e+00         42.26  1.4964  1.1075  0.3684  1.4959  0.8276  0.0755
 0.0e+00         42.43  1.4984  1.1061  0.3652  1.4982  0.8262  0.0761
 0.0e+00         42.60  1.5004  1.1047  0.3619  1.5005  0.8249  0.0767
 0.0e+00         42.76  1.5025  1.1033  0.3587  1.5029  0.8235  0.0772
 0.0e+00         42.93  1.5045  1.1018  0.3555  1.5052  0.8221  0.0778
 0.0e+00         43.10  1.5065  1.1004  0.3523  1.5075  0.8208  0.0784
 0.0e+00         43.26  1.5085  1.0989  0.3491  1.5098  0.8194  0.0790
 0.0e+00         43.43  1.5105  1.0974  0.3459  1.5121  0.8180  0.0795
 0.0e+00         43.60  1.5125  1.0958  0.3428  1.5144  0.8166  0.0801
 0.0e+00         43.76  1.5145  1.0943  0.3396  1.5167  0.8152  0.0807
 0.0e+00         43.92  1.5165  1.0927  0.3364  1.5190  0.8138  0.0812
 0.0e+00         44.09  1.5186  1.0911  0.3333  1.5213  0.8124  0.0818
 0.0e+00         44.25  1.5206  1.0894  0.3301  1.5236  0.8110  0.0824
 0.0e+00         44.41  1.5226  1.0878  0.3270  1.5259  0.8096  0.0829
 0.0e+00         44.58  1.5246  1.0861  0.3238  1.5282  0.8082  0.0835
 0.0e+00         44.74  1.5267  1.0844  0.3207  1.5305  0.8068  0.0840
 0.0e+00         44.90  1.5287  1.0827  0.3176  1.5328  0.8053  0.0846
 0.0e+00         45.06  1.5307  1.0810  0.3145  1.5350  0.8039  0.0852
 0.0e+00         45.22  1.5328  1.0792  0.3114  1.5373  0.8024  0.0857
 0.0e+00         45.38  1.5348  1.0774  0.3083  1.5396  0.8010  0.0863
 0.0e+00         45.54  1.5368  1.0756  0.3052  1.5418  0.7995  0.0868
 0.0e+00         45.70  1.5389  1.0738  0.3021  1.5441  0.7981  0.0874
 0.0e+00         45.86  1.5409  1.0720  0.2990  1.5464  0.7966  0.0879
 0.0e+00         46.02  1.5430  1.0701  0.2960  1.5486  0.7951  0.0885
 0.0e+00         46.17  1.5450  1.0682  0.2929  1.5509  0.7936  0.0890
 0.0e+00         46.33  1.5470  1.0663  0.2899  1.5531  0.7922  0.0896
 0.0e+00         46.49  1.5491  1.0644  0.2868  1.5554  0.7907  0.0901
 0.0e+00         46.64  1.5511  1.0624  0.2838  1.5576  0.7892  0.0907
 0.0e+00         46.80  1.5532  1.0605  0.2807  1.5598  0.7877  0.0912
 0.0e+00         46.96  1.5552  1.0585  0.2777  1.5621  0.7861  0.0917
 0.0e+00         47.11  1.5573  1.0565  0.2747  1.5643  0.7846  0.0923
 0.0e+00         47.27  1.5593  1.0545  0.2717  1.5665  0.7831  0.0928
 0.0e+00         47.42  1.5614  1.0524  0.2687  1.5687  0.7816  0.0934
 0.0e+00         47.57  1.5634  1.0503  0.2657  1.5710  0.7800  0.0939
 0.0e+00         47.73  1.5655  1.0483  0.2627  1.5732  0.7785  0.0944
 0.0e+00         47.88  1.5675  1.0462  0.2597  1.5754  0.7769  0.0950
 0.0e+00         48.03  1.5696  1.0440  0.2567  1.5776  0.7754  0.0955
 0.0e+00         48.19  1.5717  1.0419  0.2537  1.5798  0.7738  0.0960
 0.0e+00         48.34  1.5737  1.0397  0.2508  1.5820  0.7723  0.0965
 0.0e+00         48.49  1.5758  1.0375  0.2478  1.5842  0.7707  0.0971
 0.0e+00         48.64  1.5778  1.0354  0.2448  1.5864  0.7691  0.0976
 0.0e+00         48.79  1.5799  1.0331  0.2419  1.5886  0.7675  0.0981
 0.0e+00         48.95  1.5819  1.0309  0.2389  1.5908  0.7659  0.0986
 0.0e+00         49.10  1.5840  1.0286  0.2360  1.5930  0.7643  0.0991
 0.0e+00         49.25  1.5860  1.0264  0.2331  1.5952  0.7627  0.0996
 0.0e+00         49.40  1.5881  1.0241  0.2302  1.5973  0.7611  0.1001
 0.0e+00         49.55  1.5902  1.0218  0.2272  1.5995  0.7595  0.1006
 0.0e+00         49.70  1.5922  1.0195  0.2243  1.6017  0.7578  0.1012
 0.0e+00         49.84  1.5943  1.0171  0.2214  1.6039  0.7562  0.1017
 0.0e+00         49.99  1.5963  1.0147  0.2185  1.6060  0.7545  0.1022
 0.0e+00         50.14  1.5984  1.0124  0.2157  1.6082  0.7529  0.1027
 0.0e+00         50.29  1.6004  1.0100  0.2128  1.6103  0.7512  0.1032
 0.0e+00         50.44  1.6025  1.0076  0.2099  1.6125  0.7496  0.1036
 0.0e+00         50.58  1.6045  1.0051  0.2070  1.6146  0.7479  0.1041
 0.0e+00         50.73  1.6066  1.0027  0.2042  1.6168  0.7462  0.1046
 0.0e+00         50.88  1.6086  1.0002  0.2013  1.6189  0.7445  0.1051
 0.0e+00         51.02  1.6107  0.9978  0.1985  1.6211  0.7428  0.1056
 0.0e+00         51.17  1.6127  0.9953  0.1956  1.6232  0.7411  0.1061
 0.0e+00         51.32  1.6148  0.9927  0.1928  1.6253  0.7394  0.1066
 0.0e+00         51.46  1.6168  0.9902  0.1899  1.6275  0.7377  0.1070
 0.0e+00         51.61  1.6189  0.9877  0.1871  1.6296  0.7360  0.1075
 0.0e+00         51.75  1.6209  0.9851  0.1843  1.6317  0.7342  0.1080
 0.0e+00         51.90  1.6230  0.9825  0.1815  1.6338  0.7325  0.1085
 0.0e+00         52.04  1.6250  0.9800  0.1787  1.6359  0.7308  0.1089
 0.0e+00         52.18  1.6271  0.9773  0.1759  1.6380  0.7290  0.1094
 0.0e+00         52.33  1.6291  0.9747  0.1731  1.6401  0.7273  0.1098
 0.0e+00         52.47  1.6312  0.9721  0.1703  1.6423  0.7255  0.1103
 0.0e+00         52.61  1.6332  0.9694  0.1675  1.6444  0.7237  0.1108
 0.0e+00         52.76  1.6352  0.9668  0.1648  1.6464  0.7219  0.1112
 0.0e+00         52.90  1.6373  0.9641  0.1620  1.6485  0.7201  0.1117
 0.0e+00         53.04  1.6393  0.9614  0.1592  1.6506  0.7183  0.1121
 0.0e+00         53.18  1.6414  0.9587  0.1565  1.6527  0.7165  0.1125
 0.0e+00         53.33  1.6434  0.9560  0.1538  1.6548  0.7147  0.1130
 0.0e+00         53.47  1.6454  0.9532  0.1510  1.6569  0.7129  0.1134
 0.0e+00         53.61  1.6475  0.9505  0.1483  1.6589  0.7111  0.1139
 0.0e+00         53.75  1.6495  0.9477  0.1456  1.6610  0.7093  0.1143
 0.0e+00         53.89  1.6515  0.9449  0.1428  1.6631  0.7074  0.1147
 0.0e+00         54.03  1.6535  0.9421  0.1401  1.6651  0.7056  0.1151
 0.0e+00         54.17  1.6556  0.9393  0.1374  1.6672  0.7037  0.1156
 0.0e+00         54.31  1.6576  0.9365  0.1347  1.6692  0.7019  0.1160
 0.0e+00         54.45  1.6596  0.9336  0.1321  1.6713  0.7000  0.1164
 0.0e+00         54.59  1.6616  0.9308  0.1294  1.6733  0.6981  0.1168
 0.0e+00         54.73  1.6636  0.9279  0.1267  1.6754  0.6962  0.1172
 0.0e+00         54.87  1.6657  0.9251  0.1240  1.6774  0.6943  0.1176
 0.0e+00         55.01  1.6677  0.9222  0.1214  1.6794  0.6924  0.1180
 0.0e+00         55.15  1.6697  0.9193  0.1187  1.6815  0.6905  0.1184
 0.0e+00         55.29  1.6717  0.9163  0.1161  1.6835  0.6886  0.1188
 0.0e+00         55.42  1.6737  0.9134  0.1134  1.6855  0.6867  0.1192
 0.0e+00         55.56  1.6757  0.9105  0.1108  1.6875  0.6848  0.1196
 0.0e+00         55.70  1.6777  0.9075  0.1082  1.6895  0.6828  0.1200
 0.0e+00         55.84  1.6797  0.9046  0.1056  1.6915  0.6809  0.1204
 0.0e+00         55.97  1.6817  0.9016  0.1030  1.6935  0.6789  0.1207
 0.0e+00         56.11  1.6837  0.8986  0.1004  1.6955  0.6770  0.1211
 0.0e+00         56.25  1.6857  0.8956  0.0978  1.6975  0.6750  0.1215
 0.0e+00         56.39  1.6877  0.8926  0.0952  1.6995  0.6730  0.1218
 0.0e+00         56.52  1.6896  0.8895  0.0926  1.7015  0.6710  0.1222
 0.0e+00         56.66  1.6916  0.8865  0.0900  1.7035  0.6690  0.1226
 0.0e+00         56.79  1.6936  0.8835  0.0875  1.7055  0.6670  0.1229
 0.0e+00         56.93  1.6956  0.8804  0.0849  1.7074  0.6650  0.1233
 0.0e+00         57.06  1.6976  0.8773  0.0824  1.7094  0.6630  0.1236
 0.0e+00         57.20  1.6995  0.8742  0.0798  1.7114  0.6610  0.1239
 0.0e+00         57.34  1.7015  0.8711  0.0773  1.7133  0.6590  0.1243
 0.0e+00         57.47  1.7035  0.8680  0.0748  1.7153  0.6569  0.1246
 0.0e+00         57.61  1.7054  0.8649  0.0723  1.7172  0.6549  0.1249
 0.0e+00         57.74  1.7074  0.8618  0.0698  1.7192  0.6528  0.1253
 0.0e+00         57.87  1.7093  0.8587  0.0673  1.7211  0.6508  0.1256
 0.0e+00         58.01  1.7113  0.8555  0.0648  1.7230  0.6487  0.1259
 0.0e+00         58.14  1.7132  0.8524  0.0623  1.7250  0.6466  0.1262
 0.0e+00         58.28  1.7152  0.8492  0.0598  1.7269  0.6446  0.1265
 0.0e+00         58.41  1.7171  0.8460  0.0574  1.7288  0.6425  0.1268
 0.0e+00         58.54  1.7191  0.8428  0.0549  1.7307  0.6404  0.1271
 0.0e+00         58.68  1.7210  0.8396  0.0525  1.7327  0.6383  0.1274
 0.0e+00         58.81  1.7229  0.8364  0.0500  1.7346  0.6362  0.1277
 0.0e+00         58.94  1.7249  0.8332  0.0476  1.7365  0.6340  0.1280
 0.0e+00         59.07  1.7268  0.8300  0.0452  1.7384  0.6319  0.1283
 0.0e+00         59.21  1.7287  0.8267  0.0428  1.7403  0.6298  0.1286
 0.0e+00         59.34  1.7306  0.8235  0.0404  1.7421  0.6276  0.1288
 0.0e+00         59.47  1.7325  0.8202  0.0380  1.7440  0.6255  0.1291
 0.0e+00         59.60  1.7344  0.8170  0.0356  1.7459  0.6233  0.1294
 0.0e+00         59.73  1.7363  0.8137  0.0332  1.7478  0.6212  0.1296
 0.0e+00         59.87  1.7383  0.8104  0.0309  1.7496  0.6190  0.1299
 0.0e+00         60.00  1.7401  0.8071  0.0285  1.7515  0.6168  0.1301
 0.0e+00         60.13  1.7420  0.8038  0.0262  1.7534  0.6146  0.1304
 0.0e+00         60.26  1.7439  0.8005  0.0238  1.7552  0.6124  0.1306
 0.0e+00         60.39  1.7458  0.7972  0.0215  1.7571  0.6102  0.1308
 0.0e+00         60.52  1.7477  0.7938  0.0192  1.7589  0.6080  0.1311
 0.0e+00         60.65  1.7496  0.7905  0.0169  1.7608  0.6058  0.1313
 0.0e+00         60.78  1.7514  0.7872  0.0146  1.7626  0.6036  0.1315
 0.0e+00         60.91  1.7533  0.7838  0.0123  1.7644  0.6014  0.1317
 0.0e+00         61.04  1.7552  0.7805  0.0100  1.7662  0.5991  0.1319
 0.0e+00         61.17  1.7570  0.7771  0.0078  1.7681  0.5969  0.1321
 0.0e+00         61.30  1.7589  0.7737  0.0055  1.7699  0.5946  0.1323
 0.0e+00         61.43  1.7607  0.7703  0.0033  1.7717  0.5924  0.1325
 0.0e+00         61.56  1.7626  0.7669  0.0010  1.7735  0.5901  0.1327
 0.0e+00         61.69  1.7644  0.7635 -0.0012  1.7753  0.5878  0.1329
 0.0e+00         61.82  1.7663  0.7601 -0.0034  1.7771  0.5855  0.1331
 0.0e+00         61.95  1.7681  0.7567 -0.0056  1.7789  0.5833  0.1332
 0.0e+00         62.08  1.7699  0.7533 -0.0078  1.7806  0.5810  0.1334
 0.0e+00         62.20  1.7718  0.7499 -0.0099  1.7824  0.5787  0.1336
 0.0e+00         62.33  1.7736  0.7464 -0.0121  1.7842  0.5763  0.1337
 0.0e+00         62.46  1.7754  0.7430 -0.0143  1.7859  0.5740  0.1339
 0.0e+00         62.59  1.7772  0.7395 -0.0164  1.7877  0.5717  0.1340
 0.0e+00         62.72  1.7790  0.7361 -0.0185  1.7894  0.5694  0.1341
 0.0e+00         62.85  1.7808  0.7326 -0.0207  1.7912  0.5670  0.1343
 0.0e+00         62.97  1.7826  0.7292 -0.0228  1.7929  0.5647  0.1344
 0.0e+00         63.10  1.7844  0.7257 -0.0249  1.7947  0.5623  0.1345
 0.0e+00         63.23  1.7862  0.7222 -0.0269  1.7964  0.5600  0.1346
 0.0e+00         63.36  1.7879  0.7187 -0.0290  1.7981  0.5576  0.1347
 0.0e+00         63.48  1.7897  0.7152 -0.0311  1.7998  0.5552  0.1348
 0.0e+00         63.61  1.7915  0.7117 -0.0331  1.8016  0.5529  0.1349
 0.0e+00         63.74  1.7933  0.7082 -0.0351  1.8033  0.5505  0.1350
 0.0e+00         63.86  1.7950  0.7047 -0.0372  1.8050  0.5481  0.1351
 0.0e+00         63.99  1.7968  0.7012 -0.0392  1.8067  0.5457  0.1352
 0.0e+00         64.12  1.7985  0.6977 -0.0412  1.8084  0.5433  0.1353
 0.0e+00         64.24  1.8003  0.6942 -0.0431  1.8100  0.5408  0.1353
 0.0e+00         64.37  1.8020  0.6906 -0.0451  1.8117  0.5384  0.1354
 0.0e+00         64.49  1.8037  0.6871 -0.0471  1.8134  0.5360  0.1354
 0.0e+00         64.62  1.8054  0.6836 -0.0490  1.8150  0.5336  0.1355
 0.0e+00         64.75  1.8072  0.6800 -0.0509  1.8167  0.5311  0.1355
 0.0e+00         64.87  1.8089  0.6765 -0.0528  1.8184  0.5287  0.1356
 0.0e+00         65.00  1.8106  0.6729 -0.0547  1.8200  0.5262  0.1356
 0.0e+00         65.12  1.8123  0.6693 -0.0566  1.8216  0.5237  0.1356
 0.0e+00         65.25  1.8140  0.6658 -0.0585  1.8233  0.5213  0.1356
 0.0e+00         65.37  1.8157  0.6622 -0.0604  1.8249  0.5188  0.1356
 0.0e+00         65.50  1.8174  0.6586 -0.0622  1.8265  0.5163  0.1356
 0.0e+00         65.62  1.8190  0.6550 -0.0640  1.8282  0.5138  0.1356
 0.0e+00         65.75  1.8207  0.6515 -0.0658  1.8298  0.5113  0.1356
 0.0e+00         65.87  1.8224  0.6479 -0.0676  1.8314  0.5088  0.1356
 0.0e+00         66.00  1.8241  0.6443 -0.0694  1.8330  0.5063  0.1356
 0.0e+00         66.12  1.8257  0.6407 -0.0712  1.8346  0.5038  0.1356
 0.0e+00         66.25  1.8274  0.6371 -0.0730  1.8361  0.5013  0.1355
 0.0e+00         66.37  1.8290  0.6335 -0.0747  1.8377  0.4988  0.1355
 0.0e+00         66.49  1.8306  0.6299 -0.0764  1.8393  0.4962  0.1354
 0.0e+00         66.62  1.8323  0.6263 -0.0781  1.8409  0.4937  0.1354
 0.0e+00         66.74  1.8339  0.6226 -0.0798  1.8424  0.4911  0.1353
 0.0e+00         66.86  1.8355  0.6190 -0.0815  1.8440  0.4886  0.1352
 0.0e+00         66.99  1.8371  0.6154 -0.0831  1.8455  0.4860  0.1351
 0.0e+00         67.11  1.8387  0.6118 -0.0848  1.8470  0.4835  0.1351
 0.0e+00         67.23  1.8403  0.6081 -0.0864  1.8486  0.4809  0.1350
 0.0e+00         67.36  1.8419  0.6045 -0.0880  1.8501  0.4783  0.1349
 0.0e+00         67.48  1.8435  0.6009 -0.0896  1.8516  0.4758  0.1348
 0.0e+00         67.60  1.8451  0.5972 -0.0912  1.8531  0.4732  0.1346
 0.0e+00         67.73  1.8467  0.5936 -0.0928  1.8546  0.4706  0.1345
 0.0e+00         67.85  1.8482  0.5900 -0.0943  1.8561  0.4680  0.1344
 0.0e+00         67.97  1.8498  0.5863 -0.0958  1.8576  0.4654  0.1343
 0.0e+00         68.10  1.8513  0.5827 -0.0973  1.8591  0.4628  0.1341
 0.0e+00         68.22  1.8529  0.5790 -0.0988  1.8606  0.4601  0.1340
 0.0e+00         68.34  1.8544  0.5754 -0.1003  1.8621  0.4575  0.1338
 0.0e+00         68.46  1.8560  0.5717 -0.1017  1.8635  0.4549  0.1336
 0.0e+00         68.58  1.8575  0.5681 -0.1032  1.8650  0.4523  0.1335
 0.0e+00         68.71  1.8590  0.5644 -0.1046  1.8664  0.4496  0.1333
 0.0e+00         68.83  1.8605  0.5607 -0.1060  1.8679  0.4470  0.1331
 0.0e+00         68.95  1.8620  0.5571 -0.1074  1.8693  0.4443  0.1329
 0.0e+00         69.07  1.8635  0.5534 -0.1087  1.8707  0.4417  0.1327
 0.0e+00         69.19  1.8650  0.5497 -0.1101  1.8722  0.4390  0.1325
 0.0e+00         69.32  1.8665  0.5461 -0.1114  1.8736  0.4364  0.1323
 0.0e+00         69.44  1.8680  0.5424 -0.1127  1.8750  0.4337  0.1320
 0.0e+00         69.56  1.8695  0.5387 -0.1140  1.8764  0.4310  0.1318
 0.0e+00         69.68  1.8709  0.5351 -0.1153  1.8778  0.4283  0.1316
 0.0e+00         69.80  1.8724  0.5314 -0.1165  1.8792  0.4257  0.1313
 0.0e+00         69.92  1.8738  0.5277 -0.1177  1.8806  0.4230  0.1311
 0.0e+00         70.04  1.8753  0.5240 -0.1189  1.8819  0.4203  0.1308
 0.0e+00         70.16  1.8767  0.5203 -0.1201  1.8833  0.4176  0.1305
 0.0e+00         70.28  1.8781  0.5167 -0.1213  1.8847  0.4149  0.1302
 0.0e+00         70.40  1.8796  0.5130 -0.1224  1.8860  0.4122  0.1299
 0.0e+00         70.53  1.8810  0.5093 -0.1236  1.8873  0.4095  0.1296
 0.0e+00         70.65  1.8824  0.5056 -0.1247  1.8887  0.4067  0.1293
 0.0e+00         70.77  1.8838  0.5019 -0.1258  1.8900  0.4040  0.1290
 0.0e+00         70.89  1.8852  0.4983 -0.1268  1.8913  0.4013  0.1287
 0.0e+00         71.01  1.8866  0.4946 -0.1279  1.8926  0.3986  0.1284
 0.0e+00         71.13  1.8879  0.4909 -0.1289  1.8940  0.3958  0.1280
 0.0e+00         71.25  1.8893  0.4872 -0.1299  1.8953  0.3931  0.1277
 0.0e+00         71.37  1.8907  0.4835 -0.1309  1.8965  0.3903  0.1273
 0.0e+00         71.49  1.8920  0.4798 -0.1318  1.8978  0.3876  0.1270
 0.0e+00         71.61  1.8934  0.4761 -0.1328  1.8991  0.3849  0.1266
 0.0e+00         71.73  1.8947  0.4725 -0.1337  1.9004  0.3821  0.1262
 0.0e+00         71.85  1.8960  0.4688 -0.1346  1.9016  0.3793  0.1258
 0.0e+00         71.97  1.8974  0.4651 -0.1354  1.9029  0.3766  0.1254
 0.0e+00         72.09  1.8987  0.4614 -0.1363  1.9041  0.3738  0.1250
 0.0e+00         72.21  1.9000  0.4577 -0.1371  1.9054  0.3710  0.1246
 0.0e+00         72.32  1.9013  0.4540 -0.1379  1.9066  0.3683  0.1242
 0.0e+00         72.44  1.9026  0.4504 -0.1387  1.9078  0.3655  0.1238
 0.0e+00         72.56  1.9039  0.4467 -0.1394  1.9090  0.3627  0.1233
 0.0e+00         72.68  1.9051  0.4430 -0.1402  1.9102  0.3599  0.1229
 0.0e+00         72.80  1.9064  0.4393 -0.1409  1.9114  0.3571  0.1224
 0.0e+00         72.92  1.9077  0.4356 -0.1415  1.9126  0.3544  0.1220
 0.0e+00         73.04  1.9089  0.4319 -0.1422  1.9138  0.3516  0.1215
 0.0e+00         73.16  1.9102  0.4283 -0.1428  1.9150  0.3488  0.1210
 0.0e+00         73.28  1.9114  0.4246 -0.1434  1.9162  0.3460  0.1205
 0.0e+00         73.40  1.9126  0.4209 -0.1440  1.9173  0.3432  0.1200
 0.0e+00         73.51  1.9138  0.4172 -0.1446  1.9185  0.3404  0.1195
 0.0e+00         73.63  1.9151  0.4136 -0.1451  1.9196  0.3376  0.1190
 0.0e+00         73.75  1.9163  0.4099 -0.1456  1.9208  0.3347  0.1185
 0.0e+00         73.87  1.9175  0.4062 -0.1461  1.9219  0.3319  0.1180
 0.0e+00         73.99  1.9187  0.4025 -0.1466  1.9230  0.3291  0.1174
 0.0e+00         74.11  1.9198  0.3989 -0.1470  1.9241  0.3263  0.1169
 0.0e+00         74.22  1.9210  0.3952 -0.1475  1.9252  0.3235  0.1163
 0.0e+00         74.34  1.9222  0.3915 -0.1478  1.9263  0.3207  0.1158
 0.0e+00         74.46  1.9233  0.3879 -0.1482  1.9274  0.3178  0.1152
 0.0e+00         74.58  1.9245  0.3842 -0.1485  1.9285  0.3150  0.1146
 0.0e+00         74.70  1.9256  0.3806 -0.1489  1.9296  0.3122  0.1140
 0.0e+00         74.81  1.9267  0.3769 -0.1491  1.9306  0.3094  0.1134
 0.0e+00         74.93  1.9279  0.3733 -0.1494  1.9317  0.3065  0.1128
 0.0e+00         75.05  1.9290  0.3696 -0.1496  1.9328  0.3037  0.1122
 0.0e+00         75.17  1.9301  0.3660 -0.1498  1.9338  0.3009  0.1116
 0.0e+00         75.28  1.9312  0.3623 -0.1500  1.9348  0.2980  0.1110
 0.0e+00         75.40  1.9323  0.3587 -0.1502  1.9359  0.2952  0.1103
 0.0e+00         75.52  1.9333  0.3550 -0.1503  1.9369  0.2924  0.1097
 0.0e+00         75.64  1.9344  0.3514 -0.1504  1.9379  0.2895  0.1090
 0.0e+00         75.75  1.9355  0.3478 -0.1505  1.9389  0.2867  0.1083
 0.0e+00         75.87  1.9365  0.3441 -0.1505  1.9399  0.2838  0.1077
 0.0e+00         75.99  1.9376  0.3405 -0.1506  1.9409  0.2810  0.1070
 0.0e+00         76.11  1.9386  0.3369 -0.1506  1.9418  0.2782  0.1063
 0.0e+00         76.22  1.9396  0.3332 -0.1505  1.9428  0.2753  0.1056
 0.0e+00         76.34  1.9407  0.3296 -0.1505  1.9438  0.2725  0.1049
 0.0e+00         76.46  1.9417  0.3260 -0.1504  1.9447  0.2696  0.1042
 0.0e+00         76.57  1.9427  0.3224 -0.1503  1.9457  0.2668  0.1034
 0.0e+00         76.69  1.9437  0.3188 -0.1501  1.9466  0.2639  0.1027
 0.0e+00         76.81  1.9447  0.3152 -0.1500  1.9475  0.2611  0.1020
 0.0e+00         76.92  1.9456  0.3116 -0.1498  1.9485  0.2583  0.1012
 0.0e+00         77.04  1.9466  0.3080 -0.1495  1.9494  0.2554  0.1005
 0.0e+00         77.16  1.9476  0.3044 -0.1493  1.9503  0.2526  0.0997
 0.0e+00         77.27  1.9485  0.3008 -0.1490  1.9512  0.2497  0.0989
 0.0e+00         77.39  1.9495  0.2973 -0.1487  1.9521  0.2469  0.0981
 0.0e+00         77.51  1.9504  0.2937 -0.1484  1.9529  0.2440  0.0974
 0.0e+00         77.62  1.9513  0.2901 -0.1480  1.9538  0.2412  0.0966
 0.0e+00         77.74  1.9522  0.2865 -0.1476  1.9547  0.2384  0.0957
 0.0e+00         77.86  1.9531  0.2830 -0.1472  1.9555  0.2355  0.0949
 0.0e+00         77.97  1.9540  0.2794 -0.1468  1.9564  0.2327  0.0941
 0.0e+00         78.09  1.9549  0.2759 -0.1463  1.9572  0.2299  0.0933
 0.0e+00         78.20  1.9558  0.2723 -0.1458  1.9580  0.2270  0.0924
 0.0e+00         78.32  1.9567  0.2688 -0.1453  1.9589  0.2242  0.0916
 0.0e+00         78.44  1.9576  0.2653 -0.1447  1.9597  0.2214  0.0907
 0.0e+00         78.55  1.9584  0.2618 -0.1441  1.9605  0.2185  0.0899
 0.0e+00         78.67  1.9593  0.2582 -0.1435  1.9613  0.2157  0.0890
 0.0e+00         78.78  1.9601  0.2547 -0.1429  1.9621  0.2129  0.0881
 0.0e+00         78.90  1.9609  0.2512 -0.1422  1.9628  0.2101  0.0873
 0.0e+00         79.02  1.9617  0.2477 -0.1415  1.9636  0.2072  0.0864
 0.0e+00         79.13  1.9625  0.2442 -0.1408  1.9644  0.2044  0.0855
 0.0e+00         79.25  1.9634  0.2407 -0.1400  1.9651  0.2016  0.0846
 0.0e+00         79.36  1.9641  0.2373 -0.1392  1.9659  0.1988  0.0837
 0.0e+00         79.48  1.9649  0.2338 -0.1384  1.9666  0.1960  0.0827
 0.0e+00         79.59  1.9657  0.2303 -0.1376  1.9673  0.1932  0.0818
 0.0e+00         79.71  1.9665  0.2269 -0.1367  1.9681  0.1904  0.0809
 0.0e+00         79.83  1.9672  0.2234 -0.1358  1.9688  0.1876  0.0799
 0.0e+00         79.94  1.9680  0.2200 -0.1349  1.9695  0.1848  0.0790
 0.0e+00         80.06  1.9687  0.2166 -0.1340  1.9702  0.1820  0.0780
 0.0e+00         80.17  1.9695  0.2131 -0.1330  1.9709  0.1793  0.0771
 0.0e+00         80.29  1.9702  0.2097 -0.1320  1.9716  0.1765  0.0761
 0.0e+00         80.40  1.9709  0.2063 -0.1310  1.9722  0.1737  0.0752
 0.0e+00         80.52  1.9716  0.2029 -0.1299  1.9729  0.1709  0.0742
 0.0e+00         80.63  1.9723  0.1995 -0.1288  1.9735  0.1682  0.0732
 0.0e+00         80.75  1.9730  0.1962 -0.1277  1.9742  0.1654  0.0722
 0.0e+00         80.86  1.9737  0.1928 -0.1266  1.9748  0.1627  0.0712
 0.0e+00         80.98  1.9743  0.1894 -0.1254  1.9755  0.1599  0.0702
 0.0e+00         81.09  1.9750  0.1861 -0.1242  1.9761  0.1572  0.0692
 0.0e+00         81.21  1.9756  0.1828 -0.1230  1.9767  0.1545  0.0682
 0.0e+00         81.32  1.9763  0.1794 -0.1218  1.9773  0.1517  0.0672
 0.0e+00         81.44  1.9769  0.1761 -0.1205  1.9779  0.1490  0.0662
 0.0e+00         81.55  1.9775  0.1728 -0.1192  1.9785  0.1463  0.0651
 0.0e+00         81.67  1.9782  0.1695 -0.1179  1.9791  0.1436  0.0641
 0.0e+00         81.78  1.9788  0.1662 -0.1166  1.9797  0.1409  0.0631
 0.0e+00         81.90  1.9794  0.1630 -0.1152  1.9802  0.1382  0.0620
 0.0e+00         82.01  1.9799  0.1597 -0.1138  1.9808  0.1355  0.0610
 0.0e+00         82.13  1.9805  0.1565 -0.1124  1.9813  0.1328  0.0600
 0.0e+00         82.24  1.9811  0.1533 -0.1109  1.9819  0.1302  0.0589
 0.0e+00         82.36  1.9817  0.1500 -0.1095  1.9824  0.1275  0.0579
 0.0e+00         82.47  1.9822  0.1468 -0.1080  1.9829  0.1249  0.0568
 0.0e+00         82.59  1.9828  0.1437 -0.1065  1.9834  0.1222  0.0557
 0.0e+00         82.70  1.9833  0.1405 -0.1049  1.9840  0.1196  0.0547
 0.0e+00         82.82  1.9838  0.1373 -0.1034  1.9845  0.1170  0.0536
 0.0e+00         82.93  1.9843  0.1342 -0.1018  1.9849  0.1144  0.0526
 0.0e+00         83.04  1.9849  0.1311 -0.1002  1.9854  0.1118  0.0515
 0.0e+00         83.16  1.9854  0.1280 -0.0986  1.9859  0.1092  0.0504
 0.0e+00         83.27  1.9859  0.1249 -0.0969  1.9864  0.1066  0.0494
 0.0e+00         83.39  1.9863  0.1218 -0.0953  1.9868  0.1041  0.0483
 0.0e+00         83.50  1.9868  0.1187 -0.0936  1.9873  0.1015  0.0472
 0.0e+00         83.62  1.9873  0.1157 -0.0919  1.9877  0.0990  0.0461
 0.0e+00         83.73  1.9877  0.1127 -0.0901  1.9882  0.0965  0.0451
 0.0e+00         83.85  1.9882  0.1097 -0.0884  1.9886  0.0940  0.0440
 0.0e+00         83.96  1.9886  0.1067 -0.0866  1.9890  0.0915  0.0429
 0.0e+00         84.07  1.9891  0.1037 -0.0849  1.9894  0.0890  0.0418
 0.0e+00         84.19  1.9895  0.1008 -0.0831  1.9898  0.0865  0.0408
 0.0e+00         84.30  1.9899  0.0979 -0.0813  1.9902  0.0840  0.0397
 0.0e+00         84.42  1.9903  0.0950 -0.0794  1.9906  0.0816  0.0386
 0.0e+00         84.53  1.9907  0.0921 -0.0776  1.9910  0.0792  0.0375
 0.0e+00         84.64  1.9911  0.0892 -0.0758  1.9914  0.0768  0.0365
 0.0e+00         84.76  1.9915  0.0864 -0.0739  1.9917  0.0744  0.0354
 0.0e+00         84.87  1.9918  0.0836 -0.0720  1.9921  0.0720  0.0344
 0.0e+00         84.99  1.9922  0.0808 -0.0701  1.9924  0.0697  0.0333
 0.0e+00         85.10  1.9926  0.0780 -0.0682  1.9928  0.0673  0.0322
 0.0e+00         85.22  1.9929  0.0753 -0.0663  1.9931  0.0650  0.0312
 0.0e+00         85.33  1.9932  0.0726 -0.0644  1.9934  0.0627  0.0301
 0.0e+00         85.44  1.9936  0.0699 -0.0625  1.9937  0.0605  0.0291
 0.0e+00         85.56  1.9939  0.0672 -0.0605  1.9941  0.0582  0.0281
 0.0e+00         85.67  1.9942  0.0646 -0.0586  1.9944  0.0560  0.0270
 0.0e+00         85.79  1.9945  0.0620 -0.0566  1.9946  0.0538  0.0260
 0.0e+00         85.90  1.9948  0.0595 -0.0547  1.9949  0.0516  0.0250
 0.0e+00         86.01  1.9951  0.0569 -0.0528  1.9952  0.0494  0.0240
 0.0e+00         86.13  1.9954  0.0544 -0.0508  1.9955  0.0473  0.0230
 0.0e+00         86.24  1.9956  0.0519 -0.0488  1.9957  0.0452  0.0220
 0.0e+00         86.36  1.9959  0.0495 -0.0469  1.9960  0.0431  0.0210
 0.0e+00         86.47  1.9962  0.0471 -0.0450  1.9962  0.0410  0.0200
 0.0e+00         86.58  1.9964  0.0447 -0.0430  1.9965  0.0390  0.0191
 0.0e+00         86.70  1.9966  0.0424 -0.0411  1.9967  0.0370  0.0181
 0.0e+00         86.81  1.9969  0.0401 -0.0391  1.9969  0.0351  0.0172
 0.0e+00         86.92  1.9971  0.0379 -0.0372  1.9971  0.0331  0.0163
 0.0e+00         87.04  1.9973  0.0357 -0.0353  1.9974  0.0312  0.0154
 0.0e+00         87.15  1.9975  0.0335 -0.0334  1.9976  0.0294  0.0145
 0.0e+00         87.27  1.9977  0.0314 -0.0315  1.9977  0.0275  0.0136
 0.0e+00         87.38  1.9979  0.0293 -0.0297  1.9979  0.0257  0.0127
 0.0e+00         87.49  1.9981  0.0273 -0.0278  1.9981  0.0240  0.0118
 0.0e+00         87.61  1.9982  0.0253 -0.0260  1.9983  0.0223  0.0110
 0.0e+00         87.72  1.9984  0.0234 -0.0242  1.9984  0.0206  0.0102
 0.0e+00         87.84  1.9986  0.0215 -0.0225  1.9986  0.0190  0.0094
 0.0e+00         87.95  1.9987  0.0197 -0.0207  1.9987  0.0174  0.0086
 0.0e+00         88.06  1.9989  0.0179 -0.0190  1.9989  0.0158  0.0079
 0.0e+00         88.18  1.9990  0.0162 -0.0173  1.9990  0.0144  0.0071
 0.0e+00         88.29  1.9991  0.0146 -0.0157  1.9991  0.0129  0.0064
 0.0e+00         88.40  1.9992  0.0130 -0.0141  1.9992  0.0115  0.0057
 0.0e+00         88.52  1.9993  0.0115 -0.0126  1.9993  0.0102  0.0051
 0.0e+00         88.63  1.9994  0.0101 -0.0111  1.9994  0.0089  0.0045
 0.0e+00         88.74  1.9995  0.0087 -0.0097  1.9995  0.0077  0.0039
 0.0e+00         88.86  1.9996  0.0074 -0.0083  1.9996  0.0066  0.0033
 0.0e+00         88.97  1.9997  0.0062 -0.0070  1.9997  0.0055  0.0028
 0.0e+00         89.09  1.9997  0.0051 -0.0058  1.9997  0.0045  0.0023
 0.0e+00         89.20  1.9998  0.0040 -0.0047  1.9998  0.0036  0.0018
 0.0e+00         89.31  1.9999  0.0031 -0.0036  1.9999  0.0028  0.0014
 0.0e+00         89.43  1.9999  0.0023 -0.0027  1.9999  0.0020  0.0010
 1.0e+00          0.00  1.0667  1.0667  1.0667  1.0667  1.0667 -0.0000
 1.0e+00          3.61  1.1254  1.0685  1.0054  1.0978  1.0377  0.0008
 1.0e+00          5.11  1.1490  1.0703  0.9793  1.1113  1.0262  0.0017
 1.0e+00          6.25  1.1667  1.0721  0.9590  1.1219  1.0177  0.0025
 1.0e+00          7.22  1.1813  1.0740  0.9418  1.1311  1.0107  0.0034
 1.0e+00          8.08  1.1941  1.0758  0.9265  1.1393  1.0046  0.0043
 1.0e+00          8.85  1.2054  1.0776  0.9126  1.1468  0.9992  0.0051
 1.0e+00          9.56  1.2158  1.0794  0.8997  1.1537  0.9943  0.0060
 1.0e+00         10.22  1.2252  1.0811  0.8877  1.1603  0.9898  0.0068
 1.0e+00         10.84  1.2340  1.0829  0.8764  1.1666  0.9856  0.0077
 1.0e+00         11.43  1.2423  1.0847  0.8656  1.1725  0.9817  0.0085
 1.0e+00         11.99  1.2500  1.0865  0.8553  1.1783  0.9780  0.0094
 1.0e+00         12.53  1.2573  1.0882  0.8454  1.1838  0.9746  0.0103
 1.0e+00         13.04  1.2642  1.0900  0.8359  1.1891  0.9713  0.0111
 1.0e+00         13.54  1.2708  1.0917  0.8267  1.1943  0.9681  0.0120
 1.0e+00         14.01  1.2772  1.0935  0.8179  1.1994  0.9651  0.0129
 1.0e+00         14.48  1.2832  1.0952  0.8093  1.2043  0.9622  0.0137
 1.0e+00         14.92  1.2890  1.0969  0.8009  1.2091  0.9595  0.0146
 1.0e+00         15.36  1.2945  1.0986  0.7928  1.2138  0.9568  0.0155
 1.0e+00         15.78  1.2999  1.1003  0.7849  1.2184  0.9542  0.0163
 1.0e+00         16.19  1.3051  1.1020  0.7771  1.2229  0.9518  0.0172
 1.0e+00         16.60  1.3101  1.1037  0.7696  1.2273  0.9494  0.0181
 1.0e+00         16.99  1.3149  1.1054  0.7622  1.2316  0.9470  0.0190
 1.0e+00         17.38  1.3195  1.1071  0.7550  1.2359  0.9448  0.0198
 1.0e+00         17.75  1.3241  1.1087  0.7479  1.2401  0.9425  0.0207
 1.0e+00         18.12  1.3285  1.1104  0.7409  1.2442  0.9404  0.0216
 1.0e+00         18.48  1.3327  1.1120  0.7341  1.2483  0.9383  0.0225
 1.0e+00         18.84  1.3369  1.1137  0.7274  1.2523  0.9363  0.0233
 1.0e+00         19.19  1.3409  1.1153  0.7208  1.2562  0.9343  0.0242
 1.0e+00         19.53  1.3448  1.1169  0.7143  1.2601  0.9323  0.0251
 1.0e+00         19.87  1.3486  1.1185  0.7079  1.2640  0.9304  0.0260
 1.0e+00         20.20  1.3524  1.1201  0.7016  1.2678  0.9286  0.0269
 1.0e+00         20.53  1.3560  1.1217  0.6954  1.2716  0.9267  0.0278
 1.0e+00         20.85  1.3595  1.1233  0.6893  1.2753  0.9250  0.0286
 1.0e+00         21.16  1.3630  1.1248  0.6833  1.2790  0.9232  0.0295
 1.0e+00         21.48  1.3664  1.1264  0.6774  1.2826  0.9215  0.0304
 1.0e+00         21.79  1.3696  1.1279  0.6716  1.2862  0.9198  0.0313
 1.0e+00         22.09  1.3729  1.1294  0.6658  1.2898  0.9181  0.0322
 1.0e+00         22.39  1.3760  1.1310  0.6601  1.2933  0.9165  0.0331
 1.0e+00         22.69  1.3791  1.1325  0.6544  1.2968  0.9149  0.0340
 1.0e+00         22.98  1.3821  1.1339  0.6489  1.3003  0.9133  0.0349
 1.0e+00         23.27  1.3851  1.1354  0.6434  1.3037  0.9117  0.0357
 1.0e+00         23.56  1.3880  1.1369  0.6380  1.3072  0.9102  0.0366
 1.0e+00         23.84  1.3908  1.1383  0.6326  1.3105  0.9087  0.0375
 1.0e+00         24.12  1.3936  1.1398  0.6273  1.3139  0.9072  0.0384
 1.0e+00         24.39  1.3963  1.1412  0.6220  1.3172  0.9057  0.0393
 1.0e+00         24.67  1.3990  1.1426  0.6168  1.3205  0.9043  0.0402
 1.0e+00         24.94  1.4016  1.1440  0.6117  1.3238  0.9028  0.0411
 1.0e+00         25.21  1.4042  1.1454  0.6066  1.3271  0.9014  0.0420
 1.0e+00         25.47  1.4067  1.1468  0.6016  1.3303  0.9000  0.0429
 1.0e+00         25.74  1.4092  1.1481  0.5966  1.3335  0.8986  0.0438
 1.0e+00         26.00  1.4116  1.1495  0.5916  1.3367  0.8972  0.0447
 1.0e+00         26.26  1.4140  1.1508  0.5867  1.3399  0.8959  0.0456
 1.0e+00         26.51  1.4164  1.1521  0.5819  1.3430  0.8946  0.0465
 1.0e+00         26.76  1.4187  1.1534  0.5771  1.3461  0.8932  0.0474
 1.0e+00         27.02  1.4210  1.1547  0.5723  1.3492  0.8919  0.0483
 1.0e+00         27.26  1.4232  1.1559  0.5676  1.3523  0.8906  0.0492
 1.0e+00         27.51  1.4254  1.1572  0.5629  1.3554  0.8893  0.0501
 1.0e+00         27.76  1.4276  1.1584  0.5583  1.3584  0.8880  0.0510
 1.0e+00         28.00  1.4297  1.1596  0.5537  1.3614  0.8868  0.0519
 1.0e+00         28.24  1.4318  1.1608  0.5491  1.3645  0.8855  0.0528
 1.0e+00         28.48  1.4339  1.1620  0.5446  1.3674  0.8843  0.0537
 1.0e+00         28.72  1.4359  1.1632  0.5401  1.3704  0.8830  0.0546
 1.0e+00         28.95  1.4379  1.1643  0.5357  1.3734  0.8818  0.0555
 1.0e+00         29.19  1.4399  1.1654  0.5313  1.3763  0.8806  0.0564
 1.0e+00         29.42  1.4419  1.1665  0.5269  1.3792  0.8794  0.0573
 1.0e+00         29.65  1.4438  1.1676  0.5225  1.3822  0.8782  0.0582
 1.0e+00         29.88  1.4457  1.1687  0.5182  1.3851  0.8770  0.0591
 1.0e+00         30.11  1.4476  1.1697  0.5140  1.3879  0.8758  0.0600
 1.0e+00         30.33  1.4495  1.1707  0.5097  1.3908  0.8746  0.0609
 1.0e+00         30.56  1.4513  1.1717  0.5055  1.3936  0.8734  0.0618
 1.0e+00         30.78  1.4531  1.1727  0.5013  1.3965  0.8723  0.0627
 1.0e+00         31.00  1.4549  1.1737  0.4972  1.3993  0.8711  0.0636
 1.0e+00         31.22  1.4567  1.1746  0.4930  1.4021  0.8699  0.0645
 1.0e+00         31.44  1.4585  1.1756  0.4890  1.4049  0.8688  0.0654
 1.0e+00         31.66  1.4602  1.1765  0.4849  1.4077  0.8676  0.0663
 1.0e+00         31.87  1.4619  1.1773  0.4809  1.4105  0.8665  0.0672
 1.0e+00         32.09  1.4636  1.1782  0.4768  1.4132  0.8654  0.0681
 1.0e+00         32.30  1.4653  1.1790  0.4729  1.4160  0.8642  0.0690
 1.0e+00         32.51  1.4670  1.1798  0.4689  1.4187  0.8631  0.0699
 1.0e+00         32.72  1.4686  1.1806  0.4650  1.4214  0.8620  0.0708
 1.0e+00         32.93  1.4703  1.1814  0.4611  1.4241  0.8609  0.0717
 1.0e+00         33.14  1.4719  1.1821  0.4572  1.4268  0.8597  0.0726
 1.0e+00         33.35  1.4735  1.1829  0.4534  1.4295  0.8586  0.0735
 1.0e+00         33.56  1.4751  1.1836  0.4495  1.4322  0.8575  0.0744
 1.0e+00         33.76  1.4767  1.1842  0.4457  1.4348  0.8564  0.0753
 1.0e+00         33.97  1.4783  1.1849  0.4419  1.4375  0.8553  0.0762
 1.0e+00         34.17  1.4799  1.1855  0.4382  1.4401  0.8542  0.0771
 1.0e+00         34.37  1.4814  1.1861  0.4345  1.4428  0.8531  0.0780
 1.0e+00         34.57  1.4830  1.1867  0.4308  1.4454  0.8520  0.0789
 1.0e+00         34.77  1.4845  1.1872  0.4271  1.4480  0.8509  0.0798
 1.0e+00         34.97  1.4861  1.1877  0.4234  1.4506  0.8498  0.0807
 1.0e+00         35.17  1.4876  1.1882  0.4198  1.4532  0.8487  0.0816
 1.0e+00         35.36  1.4891  1.1887  0.4161  1.4558  0.8476  0.0824
 1.0e+00         35.56  1.4906  1.1891  0.4125  1.4583  0.8465  0.0833
 1.0e+00         35.75  1.4921  1.1895  0.4090  1.4609  0.8454  0.0842
 1.0e+00         35.95  1.4936  1.1899  0.4054  1.4634  0.8443  0.0851
 1.0e+00         36.14  1.4951  1.1903  0.4019  1.4660  0.8432  0.0860
 1.0e+00         36.33  1.4966  1.1906  0.3984  1.4685  0.8422  0.0869
 1.0e+00         36.53  1.4981  1.1909  0.3949  1.4710  0.8411  0.0878
 1.0e+00         36.72  1.4996  1.1912  0.3914  1.4735  0.8400  0.0887
 1.0e+00         36.91  1.5011  1.1914  0.3879  1.4760  0.8389  0.0896
 1.0e+00         37.10  1.5025  1.1917  0.3845  1.4785  0.8378  0.0904
 1.0e+00         37.28  1.5040  1.1918  0.3811  1.4810  0.8367  0.0913
 1.0e+00         37.47  1.5055  1.1920  0.3777  1.4835  0.8356  0.0922
 1.0e+00         37.66  1.5069  1.1921  0.3743  1.4860  0.8345  0.0931
 1.0e+00         37.84  1.5084  1.1922  0.3710  1.4884  0.8334  0.0940
 1.0e+00         38.03  1.5099  1.1923  0.3676  1.4909  0.8323  0.0948
 1.0e+00         38.21  1.5113  1.1924  0.3643  1.4933  0.8312  0.0957
 1.0e+00         38.40  1.5128  1.1924  0.3610  1.4958  0.8301  0.0966
 1.0e+00         38.58  1.5142  1.1924  0.3577  1.4982  0.8290  0.0975
 1.0e+00         38.76  1.5157  1.1923  0.3544  1.5006  0.8279  0.0984
 1.0e+00         38.94  1.5172  1.1922  0.3512  1.5030  0.8268  0.0992
 1.0e+00         39.12  1.5186  1.1921  0.3479  1.5054  0.8257  0.1001
 1.0e+00         39.30  1.5201  1.1920  0.3447  1.5078  0.8246  0.1010
 1.0e+00         39.48  1.5215  1.1918  0.3415  1.5102  0.8235  0.1018
 1.0e+00         39.66  1.5230  1.1916  0.3383  1.5126  0.8224  0.1027
 1.0e+00         39.84  1.5245  1.1914  0.3352  1.5150  0.8213  0.1036
 1.0e+00         40.01  1.5259  1.1912  0.3320  1.5173  0.8202  0.1044
 1.0e+00         40.19  1.5274  1.1909  0.3289  1.5197  0.8191  0.1053
 1.0e+00         40.37  1.5289  1.1905  0.3257  1.5220  0.8180  0.1062
 1.0e+00         40.54  1.5304  1.1902  0.3226  1.5244  0.8168  0.1070
 1.0e+00         40.72  1.5318  1.1898  0.3196  1.5267  0.8157  0.1079
 1.0e+00         40.89  1.5333  1.1894  0.3165  1.5290  0.8146  0.1087
 1.0e+00         41.06  1.5348  1.1890  0.3134  1.5314  0.8135  0.1096
 1.0e+00         41.24  1.5363  1.1885  0.3104  1.5337  0.8123  0.1104
 1.0e+00         41.41  1.5378  1.1880  0.3073  1.5360  0.8112  0.1113
 1.0e+00         41.58  1.5393  1.1874  0.3043  1.5383  0.8101  0.1121
 1.0e+00         41.75  1.5407  1.1869  0.3013  1.5406  0.8089  0.1130
 1.0e+00         41.92  1.5422  1.1863  0.2983  1.5429  0.8078  0.1138
 1.0e+00         42.09  1.5437  1.1856  0.2954  1.5451  0.8066  0.1147
 1.0e+00         42.26  1.5452  1.1850  0.2924  1.5474  0.8055  0.1155
 1.0e+00         42.43  1.5468  1.1843  0.2895  1.5497  0.8043  0.1164
 1.0e+00         42.60  1.5483  1.1836  0.2865  1.5519  0.8031  0.1172
 1.0e+00         42.76  1.5498  1.1828  0.2836  1.5542  0.8020  0.1180
 1.0e+00         42.93  1.5513  1.1820  0.2807  1.5564  0.8008  0.1189
 1.0e+00         43.10  1.5528  1.1812  0.2778  1.5587  0.7996  0.1197
 1.0e+00         43.26  1.5544  1.1803  0.2750  1.5609  0.7985  0.1205
 1.0e+00         43.43  1.5559  1.1795  0.2721  1.5631  0.7973  0.1214
 1.0e+00         43.60  1.5574  1.1786  0.2693  1.5654  0.7961  0.1222
 1.0e+00         43.76  1.5590  1.1776  0.2664  1.5676  0.7949  0.1230
 1.0e+00         43.92  1.5605  1.1766  0.2636  1.5698  0.7937  0.1238
 1.0e+00         44.09  1.5621  1.1756  0.2608  1.5720  0.7925  0.1246
 1.0e+00         44.25  1.5637  1.1746  0.2580  1.5742  0.7913  0.1255
 1.0e+00         44.41  1.5652  1.1735  0.2552  1.5764  0.7901  0.1263
 1.0e+00         44.58  1.5668  1.1724  0.2525  1.5786  0.7889  0.1271
 1.0e+00         44.74  1.5684  1.1713  0.2497  1.5807  0.7876  0.1279
 1.0e+00         44.90  1.5699  1.1701  0.2470  1.5829  0.7864  0.1287
 1.0e+00         45.06  1.5715  1.1689  0.2442  1.5851  0.7852  0.1295
 1.0e+00         45.22  1.5731  1.1677  0.2415  1.5872  0.7839  0.1303
 1.0e+00         45.38  1.5747  1.1665  0.2388  1.5894  0.7827  0.1311
 1.0e+00         45.54  1.5763  1.1652  0.2361  1.5915  0.7815  0.1319
 1.0e+00         45.70  1.5779  1.1639  0.2335  1.5937  0.7802  0.1327
 1.0e+00         45.86  1.5795  1.1625  0.2308  1.5958  0.7789  0.1335
 1.0e+00         46.02  1.5811  1.1612  0.2281  1.5979  0.7777  0.1343
 1.0e+00         46.17  1.5827  1.1598  0.2255  1.6001  0.7764  0.1350
 1.0e+00         46.33  1.5843  1.1583  0.2229  1.6022  0.7751  0.1358
 1.0e+00         46.49  1.5860  1.1569  0.2202  1.6043  0.7738  0.1366
 1.0e+00         46.64  1.5876  1.1554  0.2176  1.6064  0.7726  0.1374
 1.0e+00         46.80  1.5892  1.1539  0.2150  1.6085  0.7713  0.1382
 1.0e+00         46.96  1.5909  1.1523  0.2124  1.6106  0.7700  0.1389
 1.0e+00         47.11  1.5925  1.1507  0.2099  1.6127  0.7687  0.1397
 1.0e+00         47.27  1.5942  1.1491  0.2073  1.6148  0.7673  0.1404
 1.0e+00         47.42  1.5958  1.1475  0.2047  1.6169  0.7660  0.1412
 1.0e+00         47.57  1.5975  1.1458  0.2022  1.6190  0.7647  0.1420
 1.0e+00         47.73  1.5991  1.1441  0.1997  1.6210  0.7634  0.1427
 1.0e+00         47.88  1.6008  1.1424  0.1972  1.6231  0.7620  0.1435
 1.0e+00         48.03  1.6025  1.1406  0.1947  1.6251  0.7607  0.1442
 1.0e+00         48.19  1.6041  1.1389  0.1922  1.6272  0.7593  0.1450
 1.0e+00         48.34  1.6058  1.1371  0.1897  1.6293  0.7580  0.1457
 1.0e+00         48.49  1.6075  1.1352  0.1872  1.6313  0.7566  0.1464
 1.0e+00         48.64  1.6092  1.1334  0.1847  1.6333  0.7552  0.1472
 1.0e+00         48.79  1.6109  1.1315  0.1823  1.6354  0.7538  0.1479
 1.0e+00         48.95  1.6126  1.1295  0.1798  1.6374  0.7524  0.1486
 1.0e+00         49.10  1.6143  1.1276  0.1774  1.6394  0.7510  0.1493
 1.0e+00         49.25  1.6160  1.1256  0.1750  1.6414  0.7496  0.1501
 1.0e+00         49.40  1.6177  1.1236  0.1726  1.6435  0.7482  0.1508
 1.0e+00         49.55  1.6194  1.1216  0.1702  1.6455  0.7468  0.1515
 1.0e+00         49.70  1.6211  1.1195  0.1678  1.6475  0.7454  0.1522
 1.0e+00         49.84  1.6228  1.1175  0.1654  1.6495  0.7440  0.1529
 1.0e+00         49.99  1.6245  1.1154  0.1630  1.6515  0.7425  0.1536
 1.0e+00         50.14  1.6263  1.1132  0.1607  1.6534  0.7411  0.1543
 1.0e+00         50.29  1.6280  1.1111  0.1583  1.6554  0.7396  0.1550
 1.0e+00         50.44  1.6297  1.1089  0.1560  1.6574  0.7382  0.1557
 1.0e+00         50.58  1.6314  1.1067  0.1536  1.6594  0.7367  0.1563
 1.0e+00         50.73  1.6332  1.1044  0.1513  1.6613  0.7352  0.1570
 1.0e+00         50.88  1.6349  1.1022  0.1490  1.6633  0.7337  0.1577
 1.0e+00         51.02  1.6366  1.0999  0.1467  1.6653  0.7322  0.1584
 1.0e+00         51.17  1.6384  1.0976  0.1444  1.6672  0.7307  0.1590
 1.0e+00         51.32  1.6401  1.0952  0.1421  1.6692  0.7292  0.1597
 1.0e+00         51.46  1.6419  1.0928  0.1399  1.6711  0.7277  0.1604
 1.0e+00         51.61  1.6436  1.0905  0.1376  1.6730  0.7262  0.1610
 1.0e+00         51.75  1.6454  1.0880  0.1354  1.6750  0.7246  0.1617
 1.0e+00         51.90  1.6471  1.0856  0.1331  1.6769  0.7231  0.1623
 1.0e+00         52.04  1.6489  1.0831  0.1309  1.6788  0.7216  0.1629
 1.0e+00         52.18  1.6506  1.0807  0.1287  1.6807  0.7200  0.1636
 1.0e+00         52.33  1.6524  1.0781  0.1265  1.6827  0.7184  0.1642
 1.0e+00         52.47  1.6542  1.0756  0.1243  1.6846  0.7169  0.1648
 1.0e+00         52.61  1.6559  1.0730  0.1221  1.6865  0.7153  0.1655
 1.0e+00         52.76  1.6577  1.0705  0.1199  1.6884  0.7137  0.1661
 1.0e+00         52.90  1.6595  1.0679  0.1177  1.6903  0.7121  0.1667
 1.0e+00         53.04  1.6612  1.0652  0.1155  1.6921  0.7105  0.1673
 1.0e+00         53.18  1.6630  1.0626  0.1134  1.6940  0.7089  0.1679
 1.0e+00         53.33  1.6648  1.0599  0.1112  1.6959  0.7072  0.1685
 1.0e+00         53.47  1.6665  1.0572  0.1091  1.6978  0.7056  0.1691
 1.0e+00         53.61  1.6683  1.0545  0.1070  1.6997  0.7040  0.1697
 1.0e+00         53.75  1.6701  1.0517  0.1049  1.7015  0.7023  0.1703
 1.0e+00         53.89  1.6719  1.0490  0.1027  1.7034  0.7007  0.1708
 1.0e+00         54.03  1.6737  1.0462  0.1006  1.7052  0.6990  0.1714
 1.0e+00         54.17  1.6754  1.0434  0.0986  1.7071  0.6973  0.1720
 1.0e+00         54.31  1.6772  1.0405  0.0965  1.7089  0.6956  0.1725
 1.0e+00         54.45  1.6790  1.0377  0.0944  1.7108  0.6939  0.1731
 1.0e+00         54.59  1.6808  1.0348  0.0923  1.7126  0.6922  0.1737
 1.0e+00         54.73  1.6825  1.0319  0.0903  1.7144  0.6905  0.1742
 1.0e+00         54.87  1.6843  1.0290  0.0882  1.7163  0.6888  0.1747
 1.0e+00         55.01  1.6861  1.0261  0.0862  1.7181  0.6871  0.1753
 1.0e+00         55.15  1.6879  1.0231  0.0842  1.7199  0.6853  0.1758
 1.0e+00         55.29  1.6897  1.0201  0.0822  1.7217  0.6836  0.1763
 1.0e+00         55.42  1.6915  1.0171  0.0801  1.7235  0.6818  0.1769
 1.0e+00         55.56  1.6932  1.0141  0.0781  1.7253  0.6801  0.1774
 1.0e+00         55.70  1.6950  1.0111  0.0762  1.7271  0.6783  0.1779
 1.0e+00         55.84  1.6968  1.0080  0.0742  1.7289  0.6765  0.1784
 1.0e+00         55.97  1.6986  1.0049  0.0722  1.7307  0.6747  0.1789
 1.0e+00         56.11  1.7004  1.0018  0.0702  1.7325  0.6729  0.1794
 1.0e+00         56.25  1.7022  0.9987  0.0683  1.7343  0.6711  0.1799
 1.0e+00         56.39  1.7039  0.9956  0.0663  1.7360  0.6693  0.1803
 1.0e+00         56.52  1.7057  0.9924  0.0644  1.7378  0.6675  0.1808
 1.0e+00         56.66  1.7075  0.9892  0.0625  1.7396  0.6656  0.1813
 1.0e+00         56.79  1.7093  0.9860  0.0606  1.7413  0.6638  0.1817
 1.0e+00         56.93  1.7111  0.9828  0.0586  1.7431  0.6619  0.1822
 1.0e+00         57.06  1.7128  0.9796  0.0567  1.7448  0.6600  0.1826
 1.0e+00         57.20  1.7146  0.9763  0.0548  1.7466  0.6582  0.1831
 1.0e+00         57.34  1.7164  0.9731  0.0530  1.7483  0.6563  0.1835
 1.0e+00         57.47  1.7182  0.9698  0.0511  1.7501  0.6544  0.1840
 1.0e+00         57.61  1.7200  0.9665  0.0492  1.7518  0.6525  0.1844
 1.0e+00         57.74  1.7217  0.9632  0.0474  1.7535  0.6506  0.1848
 1.0e+00         57.87  1.7235  0.9598  0.0455  1.7552  0.6487  0.1852
 1.0e+00         58.01  1.7253  0.9565  0.0437  1.7569  0.6467  0.1856
 1.0e+00         58.14  1.7271  0.9531  0.0418  1.7587  0.6448  0.1860
 1.0e+00         58.28  1.7288  0.9497  0.0400  1.7604  0.6428  0.1864
 1.0e+00         58.41  1.7306  0.9463  0.0382  1.7621  0.6409  0.1868
 1.0e+00         58.54  1.7324  0.9429  0.0364  1.7638  0.6389  0.1872
 1.0e+00         58.68  1.7341  0.9394  0.0346  1.7655  0.6369  0.1876
 1.0e+00         58.81  1.7359  0.9360  0.0328  1.7671  0.6349  0.1879
 1.0e+00         58.94  1.7377  0.9325  0.0311  1.7688  0.6329  0.1883
 1.0e+00         59.07  1.7394  0.9290  0.0293  1.7705  0.6309  0.1886
 1.0e+00         59.21  1.7412  0.9255  0.0275  1.7722  0.6289  0.1890
 1.0e+00         59.34  1.7429  0.9220  0.0258  1.7738  0.6269  0.1893
 1.0e+00         59.47  1.7447  0.9184  0.0240  1.7755  0.6249  0.1897
 1.0e+00         59.60  1.7464  0.9149  0.0223  1.7772  0.6228  0.1900
 1.0e+00         59.73  1.7482  0.9113  0.0206  1.7788  0.6208  0.1903
 1.0e+00         59.87  1.7499  0.9077  0.0189  1.7805  0.6187  0.1906
 1.0e+00         60.00  1.7517  0.9041  0.0172  1.7821  0.6166  0.1909
 1.0e+00         60.13  1.7534  0.9005  0.0155  1.7837  0.6145  0.1912
 1.0e+00         60.26  1.7552  0.8969  0.0138  1.7854  0.6125  0.1915
 1.0e+00         60.39  1.7569  0.8932  0.0121  1.7870  0.6104  0.1918
 1.0e+00         60.52  1.7586  0.8896  0.0104  1.7886  0.6082  0.1921
 1.0e+00         60.65  1.7604  0.8859  0.0088  1.7902  0.6061  0.1923
 1.0e+00         60.78  1.7621  0.8822  0.0071  1.7918  0.6040  0.1926
 1.0e+00         60.91  1.7638  0.8785  0.0055  1.7935  0.6019  0.1929
 1.0e+00         61.04  1.7656  0.8748  0.0039  1.7951  0.5997  0.1931
 1.0e+00         61.17  1.7673  0.8711  0.0023  1.7966  0.5976  0.1934
 1.0e+00         61.30  1.7690  0.8673  0.0006  1.7982  0.5954  0.1936
 1.0e+00         61.43  1.7707  0.8636 -0.0010  1.7998  0.5932  0.1938
 1.0e+00         61.56  1.7725  0.8598 -0.0026  1.8014  0.5910  0.1940
 1.0e+00         61.69  1.7742  0.8560 -0.0041  1.8030  0.5888  0.1942
 1.0e+00         61.82  1.7759  0.8522 -0.0057  1.8046  0.5866  0.1944
 1.0e+00         61.95  1.7776  0.8484 -0.0073  1.8061  0.5844  0.1946
 1.0e+00         62.08  1.7793  0.8446 -0.0088  1.8077  0.5822  0.1948
 1.0e+00         62.20  1.7810  0.8408 -0.0104  1.8092  0.5800  0.1950
 1.0e+00         62.33  1.7827  0.8369 -0.0119  1.8108  0.5777  0.1952
 1.0e+00         62.46  1.7844  0.8331 -0.0134  1.8123  0.5755  0.1953
 1.0e+00         62.59  1.7861  0.8292 -0.0150  1.8139  0.5732  0.1955
 1.0e+00         62.72  1.7877  0.8254 -0.0165  1.8154  0.5710  0.1956
 1.0e+00         62.85  1.7894  0.8215 -0.0180  1.8169  0.5687  0.1958
 1.0e+00         62.97  1.7911  0.8176 -0.0194  1.8185  0.5664  0.1959
 1.0e+00         63.10  1.7928  0.8137 -0.0209  1.8200  0.5641  0.1960
 1.0e+00         63.23  1.7944  0.8097 -0.0224  1.8215  0.5618  0.1961
 1.0e+00         63.36  1.7961  0.8058 -0.0238  1.8230  0.5595  0.1962
 1.0e+00         63.48  1.7978  0.8019 -0.0253  1.8245  0.5572  0.1963
 1.0e+00         63.61  1.7994  0.7979 -0.0267  1.8260  0.5548  0.1964
 1.0e+00         63.74  1.8011  0.7940 -0.0282  1.8275  0.5525  0.1965
 1.0e+00         63.86  1.8027  0.7900 -0.0296  1.8290  0.5502  0.1966
 1.0e+00         63.99  1.8044  0.7860 -0.0310  1.8304  0.5478  0.1966
 1.0e+00         64.12  1.8060  0.7820 -0.0324  1.8319  0.5454  0.1967
 1.0e+00         64.24  1.8077  0.7780 -0.0338  1.8334  0.5431  0.1967
 1.0e+00         64.37  1.8093  0.7740 -0.0351  1.8349  0.5407  0.1968
 1.0e+00         64.49  1.8109  0.7700 -0.0365  1.8363  0.5383  0.1968
 1.0e+00         64.62  1.8126  0.7660 -0.0379  1.8378  0.5359  0.1968
 1.0e+00         64.75  1.8142  0.7619 -0.0392  1.8392  0.5335  0.1968
 1.0e+00         64.87  1.8158  0.7579 -0.0405  1.8407  0.5311  0.1968
 1.0e+00         65.00  1.8174  0.7538 -0.0419  1.8421  0.5286  0.1968
 1.0e+00         65.12  1.8190  0.7497 -0.0432  1.8435  0.5262  0.1968
 1.0e+00         65.25  1.8206  0.7457 -0.0445  1.8449  0.5238  0.1968
 1.0e+00         65.37  1.8222  0.7416 -0.0458  1.8464  0.5213  0.1968
 1.0e+00         65.50  1.8238  0.7375 -0.0471  1.8478  0.5188  0.1967
 1.0e+00         65.62  1.8254  0.7334 -0.0483  1.8492  0.5164  0.1967
 1.0e+00         65.75  1.8270  0.7293 -0.0496  1.8506  0.5139  0.1966
 1.0e+00         65.87  1.8286  0.7252 -0.0508  1.8520  0.5114  0.1965
 1.0e+00         66.00  1.8301  0.7211 -0.0521  1.8534  0.5089  0.1965
 1.0e+00         66.12  1.8317  0.7170 -0.0533  1.8548  0.5064  0.1964
 1.0e+00         66.25  1.8333  0.7128 -0.0545  1.8561  0.5039  0.1963
 1.0e+00         66.37  1.8348  0.7087 -0.0557  1.8575  0.5014  0.1962
 1.0e+00         66.49  1.8364  0.7046 -0.0569  1.8589  0.4989  0.1961
 1.0e+00         66.62  1.8379  0.7004 -0.0581  1.8602  0.4963  0.1959
 1.0e+00         66.74  1.8395  0.6962 -0.0592  1.8616  0.4938  0.1958
 1.0e+00         66.86  1.8410  0.6921 -0.0604  1.8629  0.4912  0.1956
 1.0e+00         66.99  1.8426  0.6879 -0.0616  1.8643  0.4887  0.1955
 1.0e+00         67.11  1.8441  0.6837 -0.0627  1.8656  0.4861  0.1953
 1.0e+00         67.23  1.8456  0.6796 -0.0638  1.8670  0.4835  0.1952
 1.0e+00         67.36  1.8471  0.6754 -0.0649  1.8683  0.4810  0.1950
 1.0e+00         67.48  1.8486  0.6712 -0.0660  1.8696  0.4784  0.1948
 1.0e+00         67.60  1.8501  0.6670 -0.0671  1.8709  0.4758  0.1946
 1.0e+00         67.73  1.8516  0.6628 -0.0682  1.8722  0.4732  0.1944
 1.0e+00         67.85  1.8531  0.6586 -0.0692  1.8735  0.4706  0.1941
 1.0e+00         67.97  1.8546  0.6544 -0.0703  1.8748  0.4679  0.1939
 1.0e+00         68.10  1.8561  0.6502 -0.0713  1.8761  0.4653  0.1937
 1.0e+00         68.22  1.8576  0.6459 -0.0723  1.8774  0.4627  0.1934
 1.0e+00         68.34  1.8590  0.6417 -0.0734  1.8787  0.4600  0.1932
 1.0e+00         68.46  1.8605  0.6375 -0.0744  1.8799  0.4574  0.1929
 1.0e+00         68.58  1.8620  0.6333 -0.0753  1.8812  0.4547  0.1926
 1.0e+00         68.71  1.8634  0.6290 -0.0763  1.8825  0.4521  0.1923
 1.0e+00         68.83  1.8649  0.6248 -0.0773  1.8837  0.4494  0.1920
 1.0e+00         68.95  1.8663  0.6206 -0.0782  1.8850  0.4467  0.1917
 1.0e+00         69.07  1.8677  0.6163 -0.0792  1.8862  0.4441  0.1914
 1.0e+00         69.19  1.8692  0.6121 -0.0801  1.8874  0.4414  0.1910
 1.0e+00         69.32  1.8706  0.6078 -0.0810  1.8887  0.4387  0.1907
 1.0e+00         69.44  1.8720  0.6036 -0.0819  1.8899  0.4360  0.1903
 1.0e+00         69.56  1.8734  0.5993 -0.0828  1.8911  0.4333  0.1900
 1.0e+00         69.68  1.8748  0.5951 -0.0836  1.8923  0.4306  0.1896
 1.0e+00         69.80  1.8762  0.5908 -0.0845  1.8935  0.4278  0.1892
 1.0e+00         69.92  1.8776  0.5865 -0.0853  1.8947  0.4251  0.1888
 1.0e+00         70.04  1.8790  0.5823 -0.0862  1.8959  0.4224  0.1884
 1.0e+00         70.16  1.8804  0.5780 -0.0870  1.8971  0.4196  0.1880
 1.0e+00         70.28  1.8817  0.5737 -0.0878  1.8983  0.4169  0.1876
 1.0e+00         70.40  1.8831  0.5695 -0.0886  1.8994  0.4141  0.1871
 1.0e+00         70.53  1.8844  0.5652 -0.0893  1.9006  0.4114  0.1867
 1.0e+00         70.65  1.8858  0.5609 -0.0901  1.9018  0.4086  0.1862
 1.0e+00         70.77  1.8871  0.5567 -0.0908  1.9029  0.4058  0.1857
 1.0e+00         70.89  1.8885  0.5524 -0.0916  1.9041  0.4031  0.1853
 1.0e+00         71.01  1.8898  0.5481 -0.0923  1.9052  0.4003  0.1848
 1.0e+00         71.13  1.8911  0.5439 -0.0930  1.9063  0.3975  0.1843
 1.0e+00         71.25  1.8924  0.5396 -0.0937  1.9075  0.3947  0.1837
 1.0e+00         71.37  1.8938  0.5353 -0.0943  1.9086  0.3919  0.1832
 1.0e+00         71.49  1.8951  0.5310 -0.0950  1.9097  0.3891  0.1827
 1.0e+00         71.61  1.8963  0.5268 -0.0956  1.9108  0.3863  0.1821
 1.0e+00         71.73  1.8976  0.5225 -0.0963  1.9119  0.3835  0.1816
 1.0e+00         71.85  1.8989  0.5182 -0.0969  1.9130  0.3807  0.1810
 1.0e+00         71.97  1.9002  0.5140 -0.0975  1.9141  0.3779  0.1804
 1.0e+00         72.09  1.9015  0.5097 -0.0981  1.9152  0.3750  0.1798
 1.0e+00         72.21  1.9027  0.5054 -0.0986  1.9162  0.3722  0.1792
 1.0e+00         72.32  1.9040  0.5012 -0.0992  1.9173  0.3694  0.1786
 1.0e+00         72.44  1.9052  0.4969 -0.0997  1.9184  0.3665  0.1780
 1.0e+00         72.56  1.9064  0.4926 -0.1002  1.9194  0.3637  0.1773
 1.0e+00         72.68  1.9077  0.4884 -0.1007  1.9205  0.3609  0.1767
 1.0e+00         72.80  1.9089  0.4841 -0.1012  1.9215  0.3580  0.1760
 1.0e+00         72.92  1.9101  0.4798 -0.1017  1.9226  0.3552  0.1754
 1.0e+00         73.04  1.9113  0.4756 -0.1021  1.9236  0.3523  0.1747
 1.0e+00         73.16  1.9125  0.4713 -0.1026  1.9246  0.3494  0.1740
 1.0e+00         73.28  1.9137  0.4671 -0.1030  1.9256  0.3466  0.1733
 1.0e+00         73.40  1.9149  0.4628 -0.1034  1.9266  0.3437  0.1726
 1.0e+00         73.51  1.9161  0.4586 -0.1038  1.9276  0.3408  0.1718
 1.0e+00         73.63  1.9173  0.4544 -0.1042  1.9286  0.3380  0.1711
 1.0e+00         73.75  1.9184  0.4501 -0.1045  1.9296  0.3351  0.1704
 1.0e+00         73.87  1.9196  0.4459 -0.1049  1.9306  0.3322  0.1696
 1.0e+00         73.99  1.9207  0.4416 -0.1052  1.9316  0.3293  0.1688
 1.0e+00         74.11  1.9219  0.4374 -0.1055  1.9325  0.3264  0.1680
 1.0e+00         74.22  1.9230  0.4332 -0.1058  1.9335  0.3235  0.1672
 1.0e+00         74.34  1.9241  0.4290 -0.1060  1.9344  0.3206  0.1664
 1.0e+00         74.46  1.9252  0.4248 -0.1063  1.9354  0.3177  0.1656
 1.0e+00         74.58  1.9263  0.4205 -0.1065  1.9363  0.3148  0.1648
 1.0e+00         74.70  1.9274  0.4163 -0.1068  1.9373  0.3119  0.1639
 1.0e+00         74.81  1.9285  0.4121 -0.1070  1.9382  0.3090  0.1631
 1.0e+00         74.93  1.9296  0.4079 -0.1071  1.9391  0.3061  0.1622
 1.0e+00         75.05  1.9307  0.4037 -0.1073  1.9400  0.3032  0.1613
 1.0e+00         75.17  1.9318  0.3996 -0.1074  1.9409  0.3003  0.1605
 1.0e+00         75.28  1.9328  0.3954 -0.1076  1.9418  0.2974  0.1596
 1.0e+00         75.40  1.9339  0.3912 -0.1077  1.9427  0.2945  0.1586
 1.0e+00         75.52  1.9349  0.3870 -0.1078  1.9436  0.2916  0.1577
 1.0e+00         75.64  1.9360  0.3829 -0.1079  1.9445  0.2887  0.1568
 1.0e+00         75.75  1.9370  0.3787 -0.1079  1.9454  0.2858  0.1558
 1.0e+00         75.87  1.9380  0.3745 -0.1080  1.9462  0.2829  0.1549
 1.0e+00         75.99  1.9390  0.3704 -0.1080  1.9471  0.2800  0.1539
 1.0e+00         76.11  1.9400  0.3663 -0.1080  1.9479  0.2770  0.1529
 1.0e+00         76.22  1.9410  0.3621 -0.1080  1.9488  0.2741  0.1519
 1.0e+00         76.34  1.9420  0.3580 -0.1079  1.9496  0.2712  0.1509
 1.0e+00         76.46  1.9430  0.3539 -0.1079  1.9504  0.2683  0.1499
 1.0e+00         76.57  1.9440  0.3498 -0.1078  1.9513  0.2654  0.1489
 1.0e+00         76.69  1.9449  0.3456 -0.1077  1.9521  0.2625  0.1479
 1.0e+00         76.81  1.9459  0.3416 -0.1076  1.9529  0.2596  0.1468
 1.0e+00         76.92  1.9468  0.3375 -0.1075  1.9537  0.2566  0.1458
 1.0e+00         77.04  1.9478  0.3334 -0.1073  1.9545  0.2537  0.1447
 1.0e+00         77.16  1.9487  0.3293 -0.1072  1.9553  0.2508  0.1436
 1.0e+00         77.27  1.9496  0.3252 -0.1070  1.9561  0.2479  0.1425
 1.0e+00         77.39  1.9506  0.3212 -0.1068  1.9568  0.2450  0.1414
 1.0e+00         77.51  1.9515  0.3171 -0.1065  1.9576  0.2421  0.1403
 1.0e+00         77.62  1.9524  0.3131 -0.1063  1.9584  0.2392  0.1392
 1.0e+00         77.74  1.9533  0.3090 -0.1060  1.9591  0.2363  0.1380
 1.0e+00         77.86  1.9541  0.3050 -0.1057  1.9599  0.2334  0.1369
 1.0e+00         77.97  1.9550  0.3010 -0.1054  1.9606  0.2305  0.1357
 1.0e+00         78.09  1.9559  0.2970 -0.1051  1.9613  0.2276  0.1346
 1.0e+00         78.20  1.9567  0.2930 -0.1048  1.9621  0.2247  0.1334
 1.0e+00         78.32  1.9576  0.2890 -0.1044  1.9628  0.2218  0.1322
 1.0e+00         78.44  1.9584  0.2851 -0.1040  1.9635  0.2189  0.1310
 1.0e+00         78.55  1.9592  0.2811 -0.1036  1.9642  0.2160  0.1298
 1.0e+00         78.67  1.9601  0.2771 -0.1032  1.9649  0.2131  0.1285
 1.0e+00         78.78  1.9609  0.2732 -0.1028  1.9656  0.2103  0.1273
 1.0e+00         78.90  1.9617  0.2693 -0.1023  1.9663  0.2074  0.1261
 1.0e+00         79.02  1.9625  0.2653 -0.1018  1.9670  0.2045  0.1248
 1.0e+00         79.13  1.9633  0.2614 -0.1013  1.9676  0.2016  0.1235
 1.0e+00         79.25  1.9641  0.2575 -0.1008  1.9683  0.1988  0.1223
 1.0e+00         79.36  1.9648  0.2536 -0.1003  1.9690  0.1959  0.1210
 1.0e+00         79.48  1.9656  0.2498 -0.0997  1.9696  0.1931  0.1197
 1.0e+00         79.59  1.9664  0.2459 -0.0991  1.9703  0.1902  0.1184
 1.0e+00         79.71  1.9671  0.2421 -0.0985  1.9709  0.1874  0.1171
 1.0e+00         79.83  1.9678  0.2382 -0.0979  1.9715  0.1845  0.1157
 1.0e+00         79.94  1.9686  0.2344 -0.0973  1.9722  0.1817  0.1144
 1.0e+00         80.06  1.9693  0.2306 -0.0966  1.9728  0.1789  0.1131
 1.0e+00         80.17  1.9700  0.2268 -0.0960  1.9734  0.1760  0.1117
 1.0e+00         80.29  1.9707  0.2230 -0.0953  1.9740  0.1732  0.1104
 1.0e+00         80.40  1.9714  0.2192 -0.0946  1.9746  0.1704  0.1090
 1.0e+00         80.52  1.9721  0.2155 -0.0938  1.9752  0.1676  0.1076
 1.0e+00         80.63  1.9728  0.2117 -0.0931  1.9757  0.1648  0.1062
 1.0e+00         80.75  1.9734  0.2080 -0.0923  1.9763  0.1620  0.1048
 1.0e+00         80.86  1.9741  0.2043 -0.0915  1.9769  0.1592  0.1034
 1.0e+00         80.98  1.9748  0.2006 -0.0907  1.9775  0.1565  0.1020
 1.0e+00         81.09  1.9754  0.1969 -0.0899  1.9780  0.1537  0.1006
 1.0e+00         81.21  1.9760  0.1932 -0.0890  1.9786  0.1510  0.0991
 1.0e+00         81.32  1.9767  0.1896 -0.0881  1.9791  0.1482  0.0977
 1.0e+00         81.44  1.9773  0.1860 -0.0872  1.9796  0.1455  0.0963
 1.0e+00         81.55  1.9779  0.1823 -0.0863  1.9802  0.1427  0.0948
 1.0e+00         81.67  1.9785  0.1787 -0.0854  1.9807  0.1400  0.0933
 1.0e+00         81.78  1.9791  0.1752 -0.0845  1.9812  0.1373  0.0919
 1.0e+00         81.90  1.9797  0.1716 -0.0835  1.9817  0.1346  0.0904
 1.0e+00         82.01  1.9803  0.1680 -0.0825  1.9822  0.1319  0.0889
 1.0e+00         82.13  1.9808  0.1645 -0.0815  1.9827  0.1292  0.0874
 1.0e+00         82.24  1.9814  0.1610 -0.0805  1.9832  0.1266  0.0859
 1.0e+00         82.36  1.9819  0.1575 -0.0795  1.9837  0.1239  0.0845
 1.0e+00         82.47  1.9825  0.1540 -0.0784  1.9841  0.1213  0.0829
 1.0e+00         82.59  1.9830  0.1506 -0.0774  1.9846  0.1186  0.0814
 1.0e+00         82.70  1.9835  0.1471 -0.0763  1.9851  0.1160  0.0799
 1.0e+00         82.82  1.9841  0.1437 -0.0752  1.9855  0.1134  0.0784
 1.0e+00         82.93  1.9846  0.1403 -0.0741  1.9860  0.1108  0.0769
 1.0e+00         83.04  1.9851  0.1370 -0.0729  1.9864  0.1082  0.0754
 1.0e+00         83.16  1.9856  0.1336 -0.0718  1.9868  0.1056  0.0738
 1.0e+00         83.27  1.9860  0.1303 -0.0706  1.9872  0.1031  0.0723
 1.0e+00         83.39  1.9865  0.1270 -0.0694  1.9877  0.1005  0.0708
 1.0e+00         83.50  1.9870  0.1237 -0.0682  1.9881  0.0980  0.0692
 1.0e+00         83.62  1.9874  0.1204 -0.0670  1.9885  0.0955  0.0677
 1.0e+00         83.73  1.9879  0.1172 -0.0658  1.9889  0.0930  0.0661
 1.0e+00         83.85  1.9883  0.1140 -0.0645  1.9893  0.0905  0.0646
 1.0e+00         83.96  1.9888  0.1108 -0.0633  1.9897  0.0881  0.0630
 1.0e+00         84.07  1.9892  0.1076 -0.0620  1.9900  0.0856  0.0615
 1.0e+00         84.19  1.9896  0.1045 -0.0607  1.9904  0.0832  0.0599
 1.0e+00         84.30  1.9900  0.1014 -0.0595  1.9908  0.0808  0.0584
 1.0e+00         84.42  1.9904  0.0983 -0.0581  1.9911  0.0784  0.0568
 1.0e+00         84.53  1.9908  0.0952 -0.0568  1.9915  0.0760  0.0553
 1.0e+00         84.64  1.9912  0.0922 -0.0555  1.9918  0.0736  0.0538
 1.0e+00         84.76  1.9916  0.0892 -0.0542  1.9921  0.0713  0.0522
 1.0e+00         84.87  1.9919  0.0862 -0.0528  1.9925  0.0690  0.0507
 1.0e+00         84.99  1.9923  0.0833 -0.0515  1.9928  0.0667  0.0491
 1.0e+00         85.10  1.9926  0.0804 -0.0501  1.9931  0.0644  0.0476
 1.0e+00         85.22  1.9930  0.0775 -0.0487  1.9934  0.0621  0.0461
 1.0e+00         85.33  1.9933  0.0746 -0.0473  1.9937  0.0599  0.0446
 1.0e+00         85.44  1.9936  0.0718 -0.0459  1.9940  0.0577  0.0430
 1.0e+00         85.56  1.9939  0.0690 -0.0445  1.9943  0.0555  0.0415
 1.0e+00         85.67  1.9943  0.0663 -0.0431  1.9946  0.0534  0.0400
 1.0e+00         85.79  1.9946  0.0636 -0.0417  1.9949  0.0512  0.0385
 1.0e+00         85.90  1.9948  0.0609 -0.0403  1.9951  0.0491  0.0371
 1.0e+00         86.01  1.9951  0.0582 -0.0389  1.9954  0.0470  0.0356
 1.0e+00         86.13  1.9954  0.0556 -0.0375  1.9956  0.0450  0.0341
 1.0e+00         86.24  1.9957  0.0531 -0.0361  1.9959  0.0429  0.0327
 1.0e+00         86.36  1.9959  0.0505 -0.0346  1.9961  0.0409  0.0312
 1.0e+00         86.47  1.9962  0.0480 -0.0332  1.9964  0.0389  0.0298
 1.0e+00         86.58  1.9964  0.0456 -0.0318  1.9966  0.0370  0.0284
 1.0e+00         86.70  1.9967  0.0432 -0.0304  1.9968  0.0351  0.0270
 1.0e+00         86.81  1.9969  0.0408 -0.0290  1.9970  0.0332  0.0256
 1.0e+00         86.92  1.9971  0.0385 -0.0276  1.9972  0.0314  0.0242
 1.0e+00         87.04  1.9973  0.0362 -0.0262  1.9974  0.0295  0.0229
 1.0e+00         87.15  1.9975  0.0340 -0.0248  1.9976  0.0278  0.0215
 1.0e+00         87.27  1.9977  0.0318 -0.0234  1.9978  0.0260  0.0202
 1.0e+00         87.38  1.9979  0.0297 -0.0221  1.9980  0.0243  0.0189
 1.0e+00         87.49  1.9981  0.0276 -0.0207  1.9981  0.0226  0.0177
 1.0e+00         87.61  1.9983  0.0256 -0.0194  1.9983  0.0210  0.0164
 1.0e+00         87.72  1.9984  0.0236 -0.0180  1.9985  0.0194  0.0152
 1.0e+00         87.84  1.9986  0.0217 -0.0167  1.9986  0.0179  0.0140
 1.0e+00         87.95  1.9987  0.0199 -0.0155  1.9987  0.0164  0.0129
 1.0e+00         88.06  1.9989  0.0181 -0.0142  1.9989  0.0149  0.0118
 1.0e+00         88.18  1.9990  0.0163 -0.0130  1.9990  0.0135  0.0107
 1.0e+00         88.29  1.9991  0.0147 -0.0118  1.9991  0.0122  0.0096
 1.0e+00         88.40  1.9992  0.0131 -0.0106  1.9992  0.0109  0.0086
 1.0e+00         88.52  1.9993  0.0115 -0.0094  1.9993  0.0096  0.0076
 1.0e+00         88.63  1.9994  0.0101 -0.0083  1.9994  0.0084  0.0067
 1.0e+00         88.74  1.9995  0.0087 -0.0073  1.9995  0.0073  0.0058
 1.0e+00         88.86  1.9996  0.0074 -0.0063  1.9996  0.0062  0.0049
 1.0e+00         88.97  1.9997  0.0062 -0.0053  1.9997  0.0052  0.0041
 1.0e+00         89.09  1.9997  0.0050 -0.0044  1.9997  0.0043  0.0034
 1.0e+00         89.20  1.9998  0.0040 -0.0035  1.9998  0.0034  0.0027
 1.0e+00         89.31  1.9999  0.0031 -0.0027  1.9999  0.0026  0.0021
 1.0e+00         89.43  1.9999  0.0022 -0.0020  1.9999  0.0019  0.0015
 4.0e+00          0.00  1.0667  1.0667  1.0667  1.0667  1.0667 -0.0000
 4.0e+00          3.61  1.1404  1.0688  0.9904  1.1055  1.0304  0.0013
 4.0e+00          5.11  1.1701  1.0709  0.9582  1.1224  1.0161  0.0026
 4.0e+00          6.25  1.1925  1.0730  0.9333  1.1356  1.0054  0.0040
 4.0e+00          7.22  1.2111  1.0752  0.9122  1.1469  0.9966  0.0053
 4.0e+00          8.08  1.2273  1.0773  0.8936  1.1571  0.9890  0.0066
 4.0e+00          8.85  1.2417  1.0794  0.8766  1.1664  0.9823  0.0080
 4.0e+00          9.56  1.2548  1.0815  0.8610  1.1750  0.9762  0.0093
 4.0e+00         10.22  1.2669  1.0836  0.8464  1.1832  0.9705  0.0106
 4.0e+00         10.84  1.2781  1.0857  0.8327  1.1909  0.9653  0.0119
 4.0e+00         11.43  1.2885  1.0878  0.8197  1.1982  0.9605  0.0133
 4.0e+00         11.99  1.2984  1.0899  0.8074  1.2053  0.9559  0.0146
 4.0e+00         12.53  1.3077  1.0920  0.7956  1.2121  0.9516  0.0159
 4.0e+00         13.04  1.3165  1.0941  0.7842  1.2187  0.9476  0.0173
 4.0e+00         13.54  1.3249  1.0962  0.7733  1.2251  0.9437  0.0186
 4.0e+00         14.01  1.3329  1.0983  0.7627  1.2313  0.9400  0.0199
 4.0e+00         14.48  1.3406  1.1004  0.7525  1.2373  0.9364  0.0213
 4.0e+00         14.92  1.3480  1.1025  0.7426  1.2432  0.9330  0.0226
 4.0e+00         15.36  1.3550  1.1045  0.7330  1.2489  0.9298  0.0239
 4.0e+00         15.78  1.3619  1.1066  0.7237  1.2545  0.9266  0.0253
 4.0e+00         16.19  1.3684  1.1087  0.7146  1.2600  0.9236  0.0266
 4.0e+00         16.60  1.3747  1.1107  0.7057  1.2654  0.9206  0.0280
 4.0e+00         16.99  1.3809  1.1128  0.6971  1.2707  0.9178  0.0293
 4.0e+00         17.38  1.3868  1.1149  0.6886  1.2759  0.9150  0.0306
 4.0e+00         17.75  1.3925  1.1169  0.6803  1.2810  0.9123  0.0320
 4.0e+00         18.12  1.3981  1.1190  0.6723  1.2860  0.9097  0.0333
 4.0e+00         18.48  1.4034  1.1210  0.6643  1.2909  0.9072  0.0347
 4.0e+00         18.84  1.4087  1.1230  0.6566  1.2958  0.9048  0.0360
 4.0e+00         19.19  1.4137  1.1251  0.6489  1.3006  0.9024  0.0373
 4.0e+00         19.53  1.4187  1.1271  0.6415  1.3053  0.9000  0.0387
 4.0e+00         19.87  1.4235  1.1291  0.6341  1.3100  0.8977  0.0400
 4.0e+00         20.20  1.4281  1.1312  0.6269  1.3146  0.8955  0.0414
 4.0e+00         20.53  1.4327  1.1332  0.6198  1.3191  0.8934  0.0427
 4.0e+00         20.85  1.4371  1.1352  0.6128  1.3236  0.8912  0.0440
 4.0e+00         21.16  1.4414  1.1372  0.6060  1.3281  0.8891  0.0454
 4.0e+00         21.48  1.4456  1.1392  0.5992  1.3325  0.8871  0.0467
 4.0e+00         21.79  1.4497  1.1412  0.5926  1.3368  0.8851  0.0481
 4.0e+00         22.09  1.4537  1.1432  0.5860  1.3411  0.8832  0.0494
 4.0e+00         22.39  1.4576  1.1451  0.5796  1.3453  0.8813  0.0508
 4.0e+00         22.69  1.4613  1.1471  0.5732  1.3495  0.8794  0.0521
 4.0e+00         22.98  1.4651  1.1491  0.5670  1.3537  0.8775  0.0534
 4.0e+00         23.27  1.4687  1.1511  0.5608  1.3578  0.8757  0.0548
 4.0e+00         23.56  1.4722  1.1530  0.5547  1.3619  0.8740  0.0561
 4.0e+00         23.84  1.4756  1.1550  0.5487  1.3659  0.8722  0.0575
 4.0e+00         24.12  1.4790  1.1569  0.5428  1.3699  0.8705  0.0588
 4.0e+00         24.39  1.4823  1.1588  0.5369  1.3739  0.8688  0.0601
 4.0e+00         24.67  1.4855  1.1608  0.5312  1.3778  0.8671  0.0615
 4.0e+00         24.94  1.4887  1.1627  0.5255  1.3817  0.8655  0.0628
 4.0e+00         25.21  1.4917  1.1646  0.5198  1.3856  0.8639  0.0642
 4.0e+00         25.47  1.4947  1.1665  0.5143  1.3894  0.8623  0.0655
 4.0e+00         25.74  1.4977  1.1684  0.5088  1.3932  0.8608  0.0668
 4.0e+00         26.00  1.5006  1.1703  0.5033  1.3970  0.8592  0.0682
 4.0e+00         26.26  1.5034  1.1722  0.4980  1.4007  0.8577  0.0695
 4.0e+00         26.51  1.5061  1.1741  0.4927  1.4044  0.8562  0.0708
 4.0e+00         26.76  1.5088  1.1759  0.4874  1.4081  0.8548  0.0722
 4.0e+00         27.02  1.5114  1.1778  0.4822  1.4118  0.8533  0.0735
 4.0e+00         27.26  1.5140  1.1796  0.4771  1.4154  0.8519  0.0749
 4.0e+00         27.51  1.5165  1.1815  0.4721  1.4190  0.8505  0.0762
 4.0e+00         27.76  1.5190  1.1833  0.4670  1.4225  0.8491  0.0775
 4.0e+00         28.00  1.5214  1.1851  0.4621  1.4261  0.8477  0.0789
 4.0e+00         28.24  1.5237  1.1870  0.4572  1.4296  0.8463  0.0802
 4.0e+00         28.48  1.5261  1.1888  0.4523  1.4331  0.8450  0.0815
 4.0e+00         28.72  1.5283  1.1906  0.4475  1.4366  0.8437  0.0828
 4.0e+00         28.95  1.5305  1.1923  0.4428  1.4400  0.8424  0.0842
 4.0e+00         29.19  1.5327  1.1941  0.4381  1.4434  0.8411  0.0855
 4.0e+00         29.42  1.5348  1.1959  0.4334  1.4468  0.8398  0.0868
 4.0e+00         29.65  1.5369  1.1976  0.4288  1.4502  0.8385  0.0882
 4.0e+00         29.88  1.5389  1.1994  0.4243  1.4536  0.8373  0.0895
 4.0e+00         30.11  1.5409  1.2011  0.4197  1.4569  0.8360  0.0908
 4.0e+00         30.33  1.5428  1.2028  0.4153  1.4602  0.8348  0.0921
 4.0e+00         30.56  1.5447  1.2045  0.4108  1.4635  0.8336  0.0934
 4.0e+00         30.78  1.5466  1.2062  0.4065  1.4668  0.8324  0.0948
 4.0e+00         31.00  1.5484  1.2079  0.4021  1.4700  0.8312  0.0961
 4.0e+00         31.22  1.5502  1.2096  0.3978  1.4732  0.8300  0.0974
 4.0e+00         31.44  1.5520  1.2112  0.3936  1.4764  0.8288  0.0987
 4.0e+00         31.66  1.5537  1.2129  0.3894  1.4796  0.8277  0.1000
 4.0e+00         31.87  1.5553  1.2145  0.3852  1.4828  0.8265  0.1013
 4.0e+00         32.09  1.5570  1.2162  0.3811  1.4859  0.8254  0.1026
 4.0e+00         32.30  1.5586  1.2178  0.3770  1.4891  0.8242  0.1040
 4.0e+00         32.51  1.5602  1.2194  0.3729  1.4922  0.8231  0.1053
 4.0e+00         32.72  1.5617  1.2209  0.3689  1.4953  0.8220  0.1066
 4.0e+00         32.93  1.5632  1.2225  0.3649  1.4983  0.8209  0.1079
 4.0e+00         33.14  1.5647  1.2241  0.3609  1.5014  0.8198  0.1092
 4.0e+00         33.35  1.5661  1.2256  0.3570  1.5044  0.8187  0.1105
 4.0e+00         33.56  1.5675  1.2271  0.3532  1.5074  0.8177  0.1118
 4.0e+00         33.76  1.5689  1.2286  0.3493  1.5104  0.8166  0.1131
 4.0e+00         33.97  1.5703  1.2301  0.3455  1.5134  0.8155  0.1144
 4.0e+00         34.17  1.5716  1.2316  0.3417  1.5164  0.8145  0.1157
 4.0e+00         34.37  1.5729  1.2330  0.3380  1.5193  0.8134  0.1170
 4.0e+00         34.57  1.5742  1.2345  0.3343  1.5223  0.8124  0.1182
 4.0e+00         34.77  1.5755  1.2359  0.3306  1.5252  0.8113  0.1195
 4.0e+00         34.97  1.5767  1.2373  0.3270  1.5281  0.8103  0.1208
 4.0e+00         35.17  1.5779  1.2387  0.3234  1.5310  0.8093  0.1221
 4.0e+00         35.36  1.5791  1.2401  0.3198  1.5339  0.8083  0.1234
 4.0e+00         35.56  1.5802  1.2414  0.3162  1.5367  0.8072  0.1247
 4.0e+00         35.75  1.5814  1.2428  0.3127  1.5395  0.8062  0.1259
 4.0e+00         35.95  1.5825  1.2441  0.3092  1.5424  0.8052  0.1272
 4.0e+00         36.14  1.5836  1.2454  0.3058  1.5452  0.8042  0.1285
 4.0e+00         36.33  1.5847  1.2467  0.3024  1.5480  0.8032  0.1297
 4.0e+00         36.53  1.5857  1.2479  0.2990  1.5507  0.8023  0.1310
 4.0e+00         36.72  1.5868  1.2491  0.2956  1.5535  0.8013  0.1323
 4.0e+00         36.91  1.5878  1.2504  0.2923  1.5562  0.8003  0.1335
 4.0e+00         37.10  1.5888  1.2516  0.2890  1.5590  0.7993  0.1348
 4.0e+00         37.28  1.5898  1.2527  0.2857  1.5617  0.7983  0.1360
 4.0e+00         37.47  1.5907  1.2539  0.2824  1.5644  0.7974  0.1373
 4.0e+00         37.66  1.5917  1.2550  0.2792  1.5671  0.7964  0.1385
 4.0e+00         37.84  1.5926  1.2561  0.2760  1.5697  0.7955  0.1398
 4.0e+00         38.03  1.5935  1.2572  0.2728  1.5724  0.7945  0.1410
 4.0e+00         38.21  1.5944  1.2582  0.2697  1.5750  0.7935  0.1423
 4.0e+00         38.40  1.5953  1.2593  0.2666  1.5777  0.7926  0.1435
 4.0e+00         38.58  1.5962  1.2603  0.2635  1.5803  0.7916  0.1448
 4.0e+00         38.76  1.5971  1.2613  0.2604  1.5829  0.7907  0.1460
 4.0e+00         38.94  1.5979  1.2622  0.2574  1.5855  0.7897  0.1472
 4.0e+00         39.12  1.5988  1.2632  0.2544  1.5880  0.7888  0.1484
 4.0e+00         39.30  1.5996  1.2641  0.2514  1.5906  0.7879  0.1497
 4.0e+00         39.48  1.6004  1.2650  0.2484  1.5931  0.7869  0.1509
 4.0e+00         39.66  1.6013  1.2658  0.2455  1.5957  0.7860  0.1521
 4.0e+00         39.84  1.6021  1.2666  0.2426  1.5982  0.7850  0.1533
 4.0e+00         40.01  1.6029  1.2674  0.2397  1.6007  0.7841  0.1545
 4.0e+00         40.19  1.6037  1.2682  0.2368  1.6032  0.7832  0.1557
 4.0e+00         40.37  1.6044  1.2690  0.2340  1.6057  0.7822  0.1569
 4.0e+00         40.54  1.6052  1.2697  0.2311  1.6081  0.7813  0.1581
 4.0e+00         40.72  1.6060  1.2704  0.2283  1.6106  0.7804  0.1593
 4.0e+00         40.89  1.6068  1.2710  0.2256  1.6130  0.7794  0.1605
 4.0e+00         41.06  1.6075  1.2716  0.2228  1.6155  0.7785  0.1617
 4.0e+00         41.24  1.6083  1.2722  0.2201  1.6179  0.7776  0.1629
 4.0e+00         41.41  1.6090  1.2728  0.2174  1.6203  0.7767  0.1640
 4.0e+00         41.58  1.6098  1.2733  0.2147  1.6227  0.7757  0.1652
 4.0e+00         41.75  1.6106  1.2738  0.2120  1.6250  0.7748  0.1664
 4.0e+00         41.92  1.6113  1.2743  0.2094  1.6274  0.7739  0.1676
 4.0e+00         42.09  1.6120  1.2747  0.2068  1.6298  0.7729  0.1687
 4.0e+00         42.26  1.6128  1.2751  0.2042  1.6321  0.7720  0.1699
 4.0e+00         42.43  1.6135  1.2755  0.2016  1.6344  0.7711  0.1710
 4.0e+00         42.60  1.6143  1.2758  0.1991  1.6367  0.7701  0.1722
 4.0e+00         42.76  1.6150  1.2761  0.1965  1.6390  0.7692  0.1733
 4.0e+00         42.93  1.6158  1.2764  0.1940  1.6413  0.7683  0.1745
 4.0e+00         43.10  1.6165  1.2766  0.1915  1.6436  0.7673  0.1756
 4.0e+00         43.26  1.6173  1.2768  0.1891  1.6459  0.7664  0.1767
 4.0e+00         43.43  1.6180  1.2770  0.1866  1.6481  0.7655  0.1779
 4.0e+00         43.60  1.6188  1.2771  0.1842  1.6504  0.7645  0.1790
 4.0e+00         43.76  1.6196  1.2772  0.1818  1.6526  0.7636  0.1801
 4.0e+00         43.92  1.6203  1.2773  0.1794  1.6548  0.7626  0.1812
 4.0e+00         44.09  1.6211  1.2773  0.1770  1.6570  0.7617  0.1823
 4.0e+00         44.25  1.6219  1.2772  0.1747  1.6592  0.7608  0.1834
 4.0e+00         44.41  1.6227  1.2772  0.1723  1.6614  0.7598  0.1845
 4.0e+00         44.58  1.6234  1.2771  0.1700  1.6636  0.7589  0.1856
 4.0e+00         44.74  1.6242  1.2769  0.1677  1.6658  0.7579  0.1867
 4.0e+00         44.90  1.6250  1.2768  0.1655  1.6679  0.7569  0.1878
 4.0e+00         45.06  1.6258  1.2766  0.1632  1.6700  0.7560  0.1889
 4.0e+00         45.22  1.6266  1.2763  0.1610  1.6722  0.7550  0.1899
 4.0e+00         45.38  1.6275  1.2760  0.1587  1.6743  0.7541  0.1910
 4.0e+00         45.54  1.6283  1.2757  0.1565  1.6764  0.7531  0.1921
 4.0e+00         45.70  1.6291  1.2753  0.1544  1.6785  0.7521  0.1931
 4.0e+00         45.86  1.6300  1.2749  0.1522  1.6806  0.7511  0.1942
 4.0e+00         46.02  1.6308  1.2744  0.1500  1.6827  0.7502  0.1952
 4.0e+00         46.17  1.6317  1.2739  0.1479  1.6847  0.7492  0.1963
 4.0e+00         46.33  1.6326  1.2734  0.1458  1.6868  0.7482  0.1973
 4.0e+00         46.49  1.6334  1.2728  0.1437  1.6888  0.7472  0.1983
 4.0e+00         46.64  1.6343  1.2722  0.1416  1.6908  0.7462  0.1994
 4.0e+00         46.80  1.6352  1.2716  0.1396  1.6929  0.7452  0.2004
 4.0e+00         46.96  1.6361  1.2709  0.1375  1.6949  0.7442  0.2014
 4.0e+00         47.11  1.6370  1.2701  0.1355  1.6969  0.7432  0.2024
 4.0e+00         47.27  1.6380  1.2693  0.1335  1.6989  0.7422  0.2034
 4.0e+00         47.42  1.6389  1.2685  0.1315  1.7008  0.7412  0.2044
 4.0e+00         47.57  1.6399  1.2676  0.1295  1.7028  0.7402  0.2054
 4.0e+00         47.73  1.6408  1.2667  0.1275  1.7048  0.7392  0.2064
 4.0e+00         47.88  1.6418  1.2658  0.1256  1.7067  0.7381  0.2074
 4.0e+00         48.03  1.6428  1.2648  0.1237  1.7087  0.7371  0.2083
 4.0e+00         48.19  1.6438  1.2638  0.1217  1.7106  0.7361  0.2093
 4.0e+00         48.34  1.6448  1.2627  0.1198  1.7125  0.7350  0.2103
 4.0e+00         48.49  1.6458  1.2616  0.1180  1.7144  0.7340  0.2112
 4.0e+00         48.64  1.6468  1.2604  0.1161  1.7163  0.7329  0.2121
 4.0e+00         48.79  1.6479  1.2592  0.1142  1.7182  0.7319  0.2131
 4.0e+00         48.95  1.6489  1.2580  0.1124  1.7201  0.7308  0.2140
 4.0e+00         49.10  1.6500  1.2567  0.1106  1.7219  0.7297  0.2149
 4.0e+00         49.25  1.6510  1.2554  0.1088  1.7238  0.7286  0.2159
 4.0e+00         49.40  1.6521  1.2540  0.1070  1.7256  0.7276  0.2168
 4.0e+00         49.55  1.6532  1.2526  0.1052  1.7275  0.7265  0.2177
 4.0e+00         49.70  1.6543  1.2512  0.1034  1.7293  0.7254  0.2186
 4.0e+00         49.84  1.6555  1.2497  0.1017  1.7311  0.7243  0.2195
 4.0e+00         49.99  1.6566  1.2482  0.1000  1.7329  0.7232  0.2204
 4.0e+00         50.14  1.6577  1.2466  0.0982  1.7347  0.7221  0.2212
 4.0e+00         50.29  1.6589  1.2450  0.0965  1.7365  0.7209  0.2221
 4.0e+00         50.44  1.6600  1.2434  0.0948  1.7383  0.7198  0.2230
 4.0e+00         50.58  1.6612  1.2417  0.0932  1.7401  0.7187  0.2238
 4.0e+00         50.73  1.6624  1.2399  0.0915  1.7418  0.7175  0.2247
 4.0e+00         50.88  1.6636  1.2382  0.0898  1.7436  0.7164  0.2255
 4.0e+00         51.02  1.6648  1.2363  0.0882  1.7453  0.7152  0.2264
 4.0e+00         51.17  1.6660  1.2345  0.0866  1.7471  0.7141  0.2272
 4.0e+00         51.32  1.6673  1.2326  0.0850  1.7488  0.7129  0.2280
 4.0e+00         51.46  1.6685  1.2307  0.0834  1.7505  0.7117  0.2288
 4.0e+00         51.61  1.6698  1.2287  0.0818  1.7522  0.7106  0.2296
 4.0e+00         51.75  1.6710  1.2267  0.0802  1.7539  0.7094  0.2304
 4.0e+00         51.90  1.6723  1.2246  0.0787  1.7556  0.7082  0.2312
 4.0e+00         52.04  1.6736  1.2226  0.0771  1.7573  0.7070  0.2320
 4.0e+00         52.18  1.6749  1.2204  0.0756  1.7590  0.7058  0.2328
 4.0e+00         52.33  1.6762  1.2183  0.0740  1.7606  0.7045  0.2335
 4.0e+00         52.47  1.6775  1.2161  0.0725  1.7623  0.7033  0.2343
 4.0e+00         52.61  1.6788  1.2138  0.0710  1.7639  0.7021  0.2351
 4.0e+00         52.76  1.6801  1.2116  0.0696  1.7656  0.7008  0.2358
 4.0e+00         52.90  1.6815  1.2092  0.0681  1.7672  0.6996  0.2365
 4.0e+00         53.04  1.6828  1.2069  0.0666  1.7688  0.6983  0.2373
 4.0e+00         53.18  1.6842  1.2045  0.0652  1.7704  0.6970  0.2380
 4.0e+00         53.33  1.6856  1.2021  0.0637  1.7720  0.6958  0.2387
 4.0e+00         53.47  1.6869  1.1996  0.0623  1.7736  0.6945  0.2394
 4.0e+00         53.61  1.6883  1.1971  0.0609  1.7752  0.6932  0.2401
 4.0e+00         53.75  1.6897  1.1946  0.0595  1.7768  0.6919  0.2408
 4.0e+00         53.89  1.6911  1.1920  0.0581  1.7784  0.6905  0.2415
 4.0e+00         54.03  1.6925  1.1894  0.0567  1.7799  0.6892  0.2421
 4.0e+00         54.17  1.6939  1.1867  0.0554  1.7815  0.6879  0.2428
 4.0e+00         54.31  1.6954  1.1841  0.0540  1.7830  0.6865  0.2434
 4.0e+00         54.45  1.6968  1.1813  0.0527  1.7846  0.6852  0.2441
 4.0e+00         54.59  1.6982  1.1786  0.0513  1.7861  0.6838  0.2447
 4.0e+00         54.73  1.6997  1.1758  0.0500  1.7876  0.6825  0.2454
 4.0e+00         54.87  1.7011  1.1730  0.0487  1.7891  0.6811  0.2460
 4.0e+00         55.01  1.7026  1.1701  0.0474  1.7907  0.6797  0.2466
 4.0e+00         55.15  1.7041  1.1673  0.0461  1.7922  0.6783  0.2472
 4.0e+00         55.29  1.7055  1.1643  0.0448  1.7937  0.6769  0.2478
 4.0e+00         55.42  1.7070  1.1614  0.0435  1.7951  0.6755  0.2484
 4.0e+00         55.56  1.7085  1.1584  0.0423  1.7966  0.6740  0.2489
 4.0e+00         55.70  1.7100  1.1554  0.0410  1.7981  0.6726  0.2495
 4.0e+00         55.84  1.7115  1.1523  0.0398  1.7995  0.6712  0.2500
 4.0e+00         55.97  1.7130  1.1493  0.0386  1.8010  0.6697  0.2506
 4.0e+00         56.11  1.7145  1.1461  0.0373  1.8024  0.6682  0.2511
 4.0e+00         56.25  1.7160  1.1430  0.0361  1.8039  0.6668  0.2517
 4.0e+00         56.39  1.7176  1.1398  0.0349  1.8053  0.6653  0.2522
 4.0e+00         56.52  1.7191  1.1366  0.0337  1.8067  0.6638  0.2527
 4.0e+00         56.66  1.7206  1.1334  0.0325  1.8082  0.6623  0.2532
 4.0e+00         56.79  1.7222  1.1301  0.0314  1.8096  0.6607  0.2537
 4.0e+00         56.93  1.7237  1.1268  0.0302  1.8110  0.6592  0.2542
 4.0e+00         57.06  1.7252  1.1235  0.0291  1.8124  0.6577  0.2546
 4.0e+00         57.20  1.7268  1.1201  0.0279  1.8138  0.6561  0.2551
 4.0e+00         57.34  1.7283  1.1167  0.0268  1.8152  0.6546  0.2555
 4.0e+00         57.47  1.7299  1.1133  0.0257  1.8165  0.6530  0.2560
 4.0e+00         57.61  1.7315  1.1099  0.0245  1.8179  0.6514  0.2564
 4.0e+00         57.74  1.7330  1.1064  0.0234  1.8193  0.6498  0.2568
 4.0e+00         57.87  1.7346  1.1029  0.0223  1.8206  0.6482  0.2573
 4.0e+00         58.01  1.7362  1.0993  0.0212  1.8220  0.6466  0.2577
 4.0e+00         58.14  1.7377  1.0958  0.0202  1.8233  0.6450  0.2581
 4.0e+00         58.28  1.7393  1.0922  0.0191  1.8246  0.6433  0.2584
 4.0e+00         58.41  1.7409  1.0886  0.0180  1.8260  0.6417  0.2588
 4.0e+00         58.54  1.7425  1.0849  0.0170  1.8273  0.6400  0.2592
 4.0e+00         58.68  1.7441  1.0812  0.0159  1.8286  0.6383  0.2595
 4.0e+00         58.81  1.7457  1.0775  0.0149  1.8299  0.6367  0.2599
 4.0e+00         58.94  1.7473  1.0738  0.0139  1.8312  0.6350  0.2602
 4.0e+00         59.07  1.7489  1.0701  0.0129  1.8325  0.6333  0.2605
 4.0e+00         59.21  1.7504  1.0663  0.0118  1.8338  0.6315  0.2608
 4.0e+00         59.34  1.7520  1.0625  0.0108  1.8351  0.6298  0.2611
 4.0e+00         59.47  1.7536  1.0586  0.0098  1.8364  0.6281  0.2614
 4.0e+00         59.60  1.7552  1.0548  0.0089  1.8376  0.6263  0.2617
 4.0e+00         59.73  1.7568  1.0509  0.0079  1.8389  0.6246  0.2620
 4.0e+00         59.87  1.7584  1.0470  0.0069  1.8402  0.6228  0.2623
 4.0e+00         60.00  1.7601  1.0431  0.0059  1.8414  0.6210  0.2625
 4.0e+00         60.13  1.7617  1.0391  0.0050  1.8426  0.6192  0.2627
 4.0e+00         60.26  1.7633  1.0351  0.0040  1.8439  0.6174  0.2630
 4.0e+00         60.39  1.7649  1.0311  0.0031  1.8451  0.6156  0.2632
 4.0e+00         60.52  1.7665  1.0271  0.0022  1.8463  0.6138  0.2634
 4.0e+00         60.65  1.7681  1.0230  0.0013  1.8476  0.6119  0.2636
 4.0e+00         60.78  1.7697  1.0190  0.0003  1.8488  0.6101  0.2638
 4.0e+00         60.91  1.7713  1.0149 -0.0006  1.8500  0.6082  0.2640
 4.0e+00         61.04  1.7729  1.0108 -0.0015  1.8512  0.6063  0.2641
 4.0e+00         61.17  1.7745  1.0066 -0.0024  1.8524  0.6044  0.2643
 4.0e+00         61.30  1.7761  1.0024 -0.0032  1.8536  0.6025  0.2644
 4.0e+00         61.43  1.7777  0.9983 -0.0041  1.8548  0.6006  0.2646
 4.0e+00         61.56  1.7794  0.9941 -0.0050  1.8559  0.5987  0.2647
 4.0e+00         61.69  1.7810  0.9898 -0.0059  1.8571  0.5968  0.2648
 4.0e+00         61.82  1.7826  0.9856 -0.0067  1.8583  0.5948  0.2649
 4.0e+00         61.95  1.7842  0.9813 -0.0076  1.8594  0.5928  0.2650
 4.0e+00         62.08  1.7858  0.9770 -0.0084  1.8606  0.5909  0.2651
 4.0e+00         62.20  1.7874  0.9727 -0.0092  1.8618  0.5889  0.2651
 4.0e+00         62.33  1.7890  0.9684 -0.0101  1.8629  0.5869  0.2652
 4.0e+00         62.46  1.7906  0.9640 -0.0109  1.8640  0.5849  0.2652
 4.0e+00         62.59  1.7922  0.9596 -0.0117  1.8652  0.5829  0.2652
 4.0e+00         62.72  1.7938  0.9553 -0.0125  1.8663  0.5808  0.2653
 4.0e+00         62.85  1.7954  0.9508 -0.0133  1.8674  0.5788  0.2653
 4.0e+00         62.97  1.7970  0.9464 -0.0141  1.8685  0.5768  0.2653
 4.0e+00         63.10  1.7986  0.9420 -0.0149  1.8696  0.5747  0.2653
 4.0e+00         63.23  1.8002  0.9375 -0.0156  1.8707  0.5726  0.2652
 4.0e+00         63.36  1.8018  0.9330 -0.0164  1.8718  0.5705  0.2652
 4.0e+00         63.48  1.8033  0.9285 -0.0172  1.8729  0.5684  0.2652
 4.0e+00         63.61  1.8049  0.9240 -0.0179  1.8740  0.5663  0.2651
 4.0e+00         63.74  1.8065  0.9195 -0.0187  1.8751  0.5642  0.2650
 4.0e+00         63.86  1.8081  0.9149 -0.0194  1.8762  0.5621  0.2649
 4.0e+00         63.99  1.8097  0.9103 -0.0201  1.8773  0.5599  0.2648
 4.0e+00         64.12  1.8113  0.9058 -0.0209  1.8783  0.5578  0.2647
 4.0e+00         64.24  1.8128  0.9012 -0.0216  1.8794  0.5556  0.2646
 4.0e+00         64.37  1.8144  0.8965 -0.0223  1.8805  0.5534  0.2645
 4.0e+00         64.49  1.8160  0.8919 -0.0230  1.8815  0.5512  0.2643
 4.0e+00         64.62  1.8175  0.8872 -0.0237  1.8825  0.5490  0.2642
 4.0e+00         64.75  1.8191  0.8826 -0.0244  1.8836  0.5468  0.2640
 4.0e+00         64.87  1.8206  0.8779 -0.0251  1.8846  0.5446  0.2638
 4.0e+00         65.00  1.8222  0.8732 -0.0258  1.8857  0.5423  0.2637
 4.0e+00         65.12  1.8238  0.8685 -0.0264  1.8867  0.5401  0.2635
 4.0e+00         65.25  1.8253  0.8638 -0.0271  1.8877  0.5378  0.2632
 4.0e+00         65.37  1.8268  0.8590 -0.0278  1.8887  0.5356  0.2630
 4.0e+00         65.50  1.8284  0.8543 -0.0284  1.8897  0.5333  0.2628
 4.0e+00         65.62  1.8299  0.8495 -0.0291  1.8907  0.5310  0.2625
 4.0e+00         65.75  1.8315  0.8447 -0.0297  1.8917  0.5287  0.2623
 4.0e+00         65.87  1.8330  0.8400 -0.0303  1.8927  0.5264  0.2620
 4.0e+00         66.00  1.8345  0.8351 -0.0310  1.8937  0.5240  0.2617
 4.0e+00         66.12  1.8360  0.8303 -0.0316  1.8947  0.5217  0.2614
 4.0e+00         66.25  1.8376  0.8255 -0.0322  1.8957  0.5193  0.2611
 4.0e+00         66.37  1.8391  0.8207 -0.0328  1.8966  0.5170  0.2608
 4.0e+00         66.49  1.8406  0.8158 -0.0334  1.8976  0.5146  0.2604
 4.0e+00         66.62  1.8421  0.8109 -0.0340  1.8986  0.5122  0.2601
 4.0e+00         66.74  1.8436  0.8061 -0.0346  1.8995  0.5098  0.2597
 4.0e+00         66.86  1.8451  0.8012 -0.0351  1.9005  0.5074  0.2594
 4.0e+00         66.99  1.8466  0.7963 -0.0357  1.9014  0.5050  0.2590
 4.0e+00         67.11  1.8481  0.7914 -0.0363  1.9024  0.5026  0.2586
 4.0e+00         67.23  1.8495  0.7865 -0.0368  1.9033  0.5002  0.2582
 4.0e+00         67.36  1.8510  0.7815 -0.0374  1.9043  0.4977  0.2577
 4.0e+00         67.48  1.8525  0.7766 -0.0379  1.9052  0.4953  0.2573
 4.0e+00         67.60  1.8539  0.7717 -0.0385  1.9061  0.4928  0.2568
 4.0e+00         67.73  1.8554  0.7667 -0.0390  1.9070  0.4903  0.2564
 4.0e+00         67.85  1.8569  0.7617 -0.0395  1.9079  0.4878  0.2559
 4.0e+00         67.97  1.8583  0.7568 -0.0400  1.9089  0.4853  0.2554
 4.0e+00         68.10  1.8598  0.7518 -0.0405  1.9098  0.4828  0.2549
 4.0e+00         68.22  1.8612  0.7468 -0.0410  1.9107  0.4803  0.2544
 4.0e+00         68.34  1.8626  0.7418 -0.0415  1.9116  0.4778  0.2539
 4.0e+00         68.46  1.8641  0.7368 -0.0420  1.9124  0.4752  0.2534
 4.0e+00         68.58  1.8655  0.7318 -0.0425  1.9133  0.4727  0.2528
 4.0e+00         68.71  1.8669  0.7268 -0.0430  1.9142  0.4701  0.2522
 4.0e+00         68.83  1.8683  0.7218 -0.0435  1.9151  0.4676  0.2517
 4.0e+00         68.95  1.8697  0.7167 -0.0439  1.9160  0.4650  0.2511
 4.0e+00         69.07  1.8711  0.7117 -0.0444  1.9168  0.4624  0.2505
 4.0e+00         69.19  1.8725  0.7066 -0.0448  1.9177  0.4598  0.2499
 4.0e+00         69.32  1.8739  0.7016 -0.0453  1.9185  0.4572  0.2492
 4.0e+00         69.44  1.8753  0.6965 -0.0457  1.9194  0.4546  0.2486
 4.0e+00         69.56  1.8767  0.6915 -0.0461  1.9202  0.4520  0.2479
 4.0e+00         69.68  1.8780  0.6864 -0.0465  1.9211  0.4493  0.2473
 4.0e+00         69.80  1.8794  0.6814 -0.0469  1.9219  0.4467  0.2466
 4.0e+00         69.92  1.8808  0.6763 -0.0474  1.9227  0.4440  0.2459
 4.0e+00         70.04  1.8821  0.6712 -0.0478  1.9236  0.4414  0.2452
 4.0e+00         70.16  1.8835  0.6661 -0.0481  1.9244  0.4387  0.2445
 4.0e+00         70.28  1.8848  0.6611 -0.0485  1.9252  0.4360  0.2437
 4.0e+00         70.40  1.8861  0.6560 -0.0489  1.9260  0.4333  0.2430
 4.0e+00         70.53  1.8875  0.6509 -0.0493  1.9268  0.4307  0.2422
 4.0e+00         70.65  1.8888  0.6458 -0.0496  1.9276  0.4280  0.2415
 4.0e+00         70.77  1.8901  0.6407 -0.0500  1.9284  0.4252  0.2407
 4.0e+00         70.89  1.8914  0.6356 -0.0503  1.9292  0.4225  0.2399
 4.0e+00         71.01  1.8927  0.6305 -0.0507  1.9300  0.4198  0.2391
 4.0e+00         71.13  1.8940  0.6254 -0.0510  1.9308  0.4171  0.2382
 4.0e+00         71.25  1.8953  0.6203 -0.0513  1.9316  0.4143  0.2374
 4.0e+00         71.37  1.8965  0.6152 -0.0517  1.9324  0.4116  0.2366
 4.0e+00         71.49  1.8978  0.6101 -0.0520  1.9332  0.4088  0.2357
 4.0e+00         71.61  1.8991  0.6050 -0.0523  1.9339  0.4060  0.2348
 4.0e+00         71.73  1.9003  0.5999 -0.0526  1.9347  0.4033  0.2339
 4.0e+00         71.85  1.9016  0.5948 -0.0529  1.9354  0.4005  0.2330
 4.0e+00         71.97  1.9028  0.5897 -0.0531  1.9362  0.3977  0.2321
 4.0e+00         72.09  1.9041  0.5846 -0.0534  1.9369  0.3949  0.2312
 4.0e+00         72.21  1.9053  0.5795 -0.0537  1.9377  0.3921  0.2302
 4.0e+00         72.32  1.9065  0.5744 -0.0539  1.9384  0.3893  0.2293
 4.0e+00         72.44  1.9077  0.5693 -0.0542  1.9392  0.3865  0.2283
 4.0e+00         72.56  1.9090  0.5642 -0.0544  1.9399  0.3836  0.2273
 4.0e+00         72.68  1.9102  0.5591 -0.0547  1.9406  0.3808  0.2263
 4.0e+00         72.80  1.9114  0.5540 -0.0549  1.9413  0.3780  0.2253
 4.0e+00         72.92  1.9125  0.5489 -0.0551  1.9421  0.3751  0.2243
 4.0e+00         73.04  1.9137  0.5438 -0.0553  1.9428  0.3723  0.2232
 4.0e+00         73.16  1.9149  0.5387 -0.0555  1.9435  0.3694  0.2222
 4.0e+00         73.28  1.9161  0.5336 -0.0557  1.9442  0.3665  0.2211
 4.0e+00         73.40  1.9172  0.5286 -0.0559  1.9449  0.3637  0.2201
 4.0e+00         73.51  1.9184  0.5235 -0.0561  1.9456  0.3608  0.2190
 4.0e+00         73.63  1.9195  0.5184 -0.0562  1.9463  0.3579  0.2179
 4.0e+00         73.75  1.9206  0.5134 -0.0564  1.9470  0.3550  0.2167
 4.0e+00         73.87  1.9218  0.5083 -0.0565  1.9477  0.3521  0.2156
 4.0e+00         73.99  1.9229  0.5032 -0.0567  1.9483  0.3492  0.2145
 4.0e+00         74.11  1.9240  0.4982 -0.0568  1.9490  0.3463  0.2133
 4.0e+00         74.22  1.9251  0.4931 -0.0570  1.9497  0.3434  0.2121
 4.0e+00         74.34  1.9262  0.4881 -0.0571  1.9503  0.3405  0.2110
 4.0e+00         74.46  1.9273  0.4831 -0.0572  1.9510  0.3376  0.2098
 4.0e+00         74.58  1.9284  0.4780 -0.0573  1.9517  0.3346  0.2086
 4.0e+00         74.70  1.9294  0.4730 -0.0574  1.9523  0.3317  0.2073
 4.0e+00         74.81  1.9305  0.4680 -0.0575  1.9530  0.3288  0.2061
 4.0e+00         74.93  1.9316  0.4630 -0.0576  1.9536  0.3258  0.2049
 4.0e+00         75.05  1.9326  0.4580 -0.0576  1.9542  0.3229  0.2036
 4.0e+00         75.17  1.9336  0.4530 -0.0577  1.9549  0.3200  0.2023
 4.0e+00         75.28  1.9347  0.4480 -0.0577  1.9555  0.3170  0.2010
 4.0e+00         75.40  1.9357  0.4430 -0.0578  1.9561  0.3141  0.1997
 4.0e+00         75.52  1.9367  0.4381 -0.0578  1.9567  0.3111  0.1984
 4.0e+00         75.64  1.9377  0.4331 -0.0578  1.9574  0.3081  0.1971
 4.0e+00         75.75  1.9387  0.4281 -0.0579  1.9580  0.3052  0.1958
 4.0e+00         75.87  1.9397  0.4232 -0.0579  1.9586  0.3022  0.1944
 4.0e+00         75.99  1.9407  0.4183 -0.0579  1.9592  0.2992  0.1931
 4.0e+00         76.11  1.9417  0.4134 -0.0578  1.9598  0.2963  0.1917
 4.0e+00         76.22  1.9427  0.4084 -0.0578  1.9604  0.2933  0.1903
 4.0e+00         76.34  1.9436  0.4035 -0.0578  1.9610  0.2903  0.1889
 4.0e+00         76.46  1.9446  0.3986 -0.0578  1.9616  0.2873  0.1875
 4.0e+00         76.57  1.9455  0.3938 -0.0577  1.9622  0.2843  0.1861
 4.0e+00         76.69  1.9465  0.3889 -0.0577  1.9627  0.2813  0.1846
 4.0e+00         76.81  1.9474  0.3840 -0.0576  1.9633  0.2784  0.1832
 4.0e+00         76.92  1.9483  0.3792 -0.0575  1.9639  0.2754  0.1817
 4.0e+00         77.04  1.9492  0.3744 -0.0574  1.9644  0.2724  0.1802
 4.0e+00         77.16  1.9501  0.3695 -0.0573  1.9650  0.2694  0.1787
 4.0e+00         77.27  1.9510  0.3647 -0.0572  1.9656  0.2664  0.1772
 4.0e+00         77.39  1.9519  0.3599 -0.0571  1.9661  0.2634  0.1757
 4.0e+00         77.51  1.9528  0.3551 -0.0570  1.9667  0.2604  0.1742
 4.0e+00         77.62  1.9537  0.3504 -0.0569  1.9672  0.2574  0.1727
 4.0e+00         77.74  1.9545  0.3456 -0.0567  1.9678  0.2544  0.1711
 4.0e+00         77.86  1.9554  0.3409 -0.0566  1.9683  0.2514  0.1696
 4.0e+00         77.97  1.9562  0.3362 -0.0564  1.9688  0.2484  0.1680
 4.0e+00         78.09  1.9571  0.3314 -0.0562  1.9694  0.2454  0.1664
 4.0e+00         78.20  1.9579  0.3267 -0.0561  1.9699  0.2424  0.1648
 4.0e+00         78.32  1.9587  0.3221 -0.0559  1.9704  0.2394  0.1632
 4.0e+00         78.44  1.9595  0.3174 -0.0557  1.9709  0.2364  0.1616
 4.0e+00         78.55  1.9603  0.3127 -0.0555  1.9714  0.2334  0.1600
 4.0e+00         78.67  1.9611  0.3081 -0.0552  1.9719  0.2304  0.1584
 4.0e+00         78.78  1.9619  0.3035 -0.0550  1.9724  0.2274  0.1567
 4.0e+00         78.90  1.9627  0.2989 -0.0548  1.9729  0.2244  0.1551
 4.0e+00         79.02  1.9635  0.2943 -0.0545  1.9734  0.2214  0.1534
 4.0e+00         79.13  1.9643  0.2897 -0.0543  1.9739  0.2185  0.1517
 4.0e+00         79.25  1.9650  0.2852 -0.0540  1.9744  0.2155  0.1500
 4.0e+00         79.36  1.9658  0.2806 -0.0537  1.9749  0.2125  0.1483
 4.0e+00         79.48  1.9665  0.2761 -0.0534  1.9754  0.2095  0.1466
 4.0e+00         79.59  1.9672  0.2716 -0.0531  1.9759  0.2065  0.1449
 4.0e+00         79.71  1.9680  0.2672 -0.0528  1.9763  0.2035  0.1432
 4.0e+00         79.83  1.9687  0.2627 -0.0525  1.9768  0.2006  0.1414
 4.0e+00         79.94  1.9694  0.2583 -0.0522  1.9773  0.1976  0.1397
 4.0e+00         80.06  1.9701  0.2538 -0.0518  1.9777  0.1946  0.1379
 4.0e+00         80.17  1.9708  0.2494 -0.0515  1.9782  0.1917  0.1362
 4.0e+00         80.29  1.9714  0.2451 -0.0511  1.9786  0.1887  0.1344
 4.0e+00         80.40  1.9721  0.2407 -0.0508  1.9791  0.1857  0.1326
 4.0e+00         80.52  1.9728  0.2364 -0.0504  1.9795  0.1828  0.1308
 4.0e+00         80.63  1.9734  0.2321 -0.0500  1.9799  0.1798  0.1290
 4.0e+00         80.75  1.9741  0.2278 -0.0496  1.9804  0.1769  0.1272
 4.0e+00         80.86  1.9747  0.2235 -0.0492  1.9808  0.1740  0.1254
 4.0e+00         80.98  1.9754  0.2192 -0.0488  1.9812  0.1710  0.1236
 4.0e+00         81.09  1.9760  0.2150 -0.0483  1.9817  0.1681  0.1218
 4.0e+00         81.21  1.9766  0.2108 -0.0479  1.9821  0.1652  0.1199
 4.0e+00         81.32  1.9772  0.2066 -0.0475  1.9825  0.1623  0.1181
 4.0e+00         81.44  1.9778  0.2025 -0.0470  1.9829  0.1594  0.1163
 4.0e+00         81.55  1.9784  0.1983 -0.0465  1.9833  0.1565  0.1144
 4.0e+00         81.67  1.9790  0.1942 -0.0461  1.9837  0.1536  0.1126
 4.0e+00         81.78  1.9796  0.1901 -0.0456  1.9841  0.1507  0.1107
 4.0e+00         81.90  1.9801  0.1861 -0.0451  1.9845  0.1478  0.1088
 4.0e+00         82.01  1.9807  0.1821 -0.0446  1.9849  0.1450  0.1069
 4.0e+00         82.13  1.9813  0.1781 -0.0440  1.9853  0.1421  0.1051
 4.0e+00         82.24  1.9818  0.1741 -0.0435  1.9857  0.1393  0.1032
 4.0e+00         82.36  1.9823  0.1701 -0.0430  1.9860  0.1364  0.1013
 4.0e+00         82.47  1.9829  0.1662 -0.0424  1.9864  0.1336  0.0994
 4.0e+00         82.59  1.9834  0.1623 -0.0419  1.9868  0.1308  0.0975
 4.0e+00         82.70  1.9839  0.1584 -0.0413  1.9871  0.1280  0.0956
 4.0e+00         82.82  1.9844  0.1546 -0.0407  1.9875  0.1252  0.0937
 4.0e+00         82.93  1.9849  0.1508 -0.0402  1.9879  0.1224  0.0918
 4.0e+00         83.04  1.9854  0.1470 -0.0396  1.9882  0.1196  0.0899
 4.0e+00         83.16  1.9858  0.1432 -0.0390  1.9885  0.1168  0.0880
 4.0e+00         83.27  1.9863  0.1395 -0.0384  1.9889  0.1141  0.0861
 4.0e+00         83.39  1.9868  0.1358 -0.0377  1.9892  0.1113  0.0842
 4.0e+00         83.50  1.9872  0.1322 -0.0371  1.9896  0.1086  0.0823
 4.0e+00         83.62  1.9877  0.1285 -0.0365  1.9899  0.1059  0.0804
 4.0e+00         83.73  1.9881  0.1249 -0.0358  1.9902  0.1032  0.0785
 4.0e+00         83.85  1.9885  0.1214 -0.0352  1.9905  0.1005  0.0766
 4.0e+00         83.96  1.9890  0.1178 -0.0345  1.9909  0.0978  0.0747
 4.0e+00         84.07  1.9894  0.1143 -0.0339  1.9912  0.0952  0.0728
 4.0e+00         84.19  1.9898  0.1109 -0.0332  1.9915  0.0925  0.0709
 4.0e+00         84.30  1.9902  0.1074 -0.0325  1.9918  0.0899  0.0690
 4.0e+00         84.42  1.9906  0.1040 -0.0318  1.9921  0.0873  0.0671
 4.0e+00         84.53  1.9910  0.1007 -0.0311  1.9924  0.0847  0.0652
 4.0e+00         84.64  1.9913  0.0974 -0.0304  1.9926  0.0821  0.0634
 4.0e+00         84.76  1.9917  0.0941 -0.0297  1.9929  0.0796  0.0615
 4.0e+00         84.87  1.9921  0.0908 -0.0290  1.9932  0.0770  0.0596
 4.0e+00         84.99  1.9924  0.0876 -0.0283  1.9935  0.0745  0.0578
 4.0e+00         85.10  1.9927  0.0844 -0.0275  1.9938  0.0720  0.0559
 4.0e+00         85.22  1.9931  0.0813 -0.0268  1.9940  0.0696  0.0541
 4.0e+00         85.33  1.9934  0.0782 -0.0261  1.9943  0.0671  0.0522
 4.0e+00         85.44  1.9937  0.0752 -0.0253  1.9945  0.0647  0.0504
 4.0e+00         85.56  1.9940  0.0721 -0.0246  1.9948  0.0623  0.0486
 4.0e+00         85.67  1.9943  0.0692 -0.0238  1.9950  0.0599  0.0468
 4.0e+00         85.79  1.9946  0.0663 -0.0231  1.9953  0.0575  0.0450
 4.0e+00         85.90  1.9949  0.0634 -0.0223  1.9955  0.0552  0.0432
 4.0e+00         86.01  1.9952  0.0605 -0.0216  1.9957  0.0529  0.0415
 4.0e+00         86.13  1.9955  0.0577 -0.0208  1.9960  0.0506  0.0397
 4.0e+00         86.24  1.9957  0.0550 -0.0200  1.9962  0.0483  0.0380
 4.0e+00         86.36  1.9960  0.0523 -0.0193  1.9964  0.0461  0.0363
 4.0e+00         86.47  1.9962  0.0497 -0.0185  1.9966  0.0439  0.0346
 4.0e+00         86.58  1.9965  0.0471 -0.0177  1.9968  0.0418  0.0329
 4.0e+00         86.70  1.9967  0.0445 -0.0170  1.9970  0.0396  0.0313
 4.0e+00         86.81  1.9969  0.0420 -0.0162  1.9972  0.0375  0.0297
 4.0e+00         86.92  1.9971  0.0396 -0.0154  1.9974  0.0355  0.0281
 4.0e+00         87.04  1.9973  0.0372 -0.0147  1.9976  0.0334  0.0265
 4.0e+00         87.15  1.9975  0.0348 -0.0139  1.9977  0.0314  0.0249
 4.0e+00         87.27  1.9977  0.0325 -0.0131  1.9979  0.0295  0.0234
 4.0e+00         87.38  1.9979  0.0303 -0.0124  1.9981  0.0276  0.0219
 4.0e+00         87.49  1.9981  0.0282 -0.0116  1.9982  0.0257  0.0204
 4.0e+00         87.61  1.9983  0.0260 -0.0109  1.9984  0.0238  0.0190
 4.0e+00         87.72  1.9984  0.0240 -0.0102  1.9985  0.0221  0.0175
 4.0e+00         87.84  1.9986  0.0220 -0.0095  1.9987  0.0203  0.0162
 4.0e+00         87.95  1.9987  0.0201 -0.0087  1.9988  0.0186  0.0148
 4.0e+00         88.06  1.9989  0.0183 -0.0080  1.9989  0.0170  0.0135
 4.0e+00         88.18  1.9990  0.0165 -0.0074  1.9990  0.0154  0.0123
 4.0e+00         88.29  1.9991  0.0148 -0.0067  1.9991  0.0138  0.0110
 4.0e+00         88.40  1.9992  0.0131 -0.0060  1.9993  0.0124  0.0099
 4.0e+00         88.52  1.9993  0.0116 -0.0054  1.9994  0.0109  0.0087
 4.0e+00         88.63  1.9994  0.0101 -0.0048  1.9994  0.0096  0.0077
 4.0e+00         88.74  1.9995  0.0087 -0.0042  1.9995  0.0083  0.0066
 4.0e+00         88.86  1.9996  0.0074 -0.0036  1.9996  0.0071  0.0056
 4.0e+00         88.97  1.9997  0.0061 -0.0030  1.9997  0.0059  0.0047
 4.0e+00         89.09  1.9997  0.0050 -0.0025  1.9998  0.0049  0.0039
 4.0e+00         89.20  1.9998  0.0040 -0.0020  1.9998  0.0039  0.0031
 4.0e+00         89.31  1.9999  0.0030 -0.0016  1.9999  0.0030  0.0024
 4.0e+00         89.43  1.9999  0.0022 -0.0012  1.9999  0.0022  0.0017
 2.0e+01          0.00  1.0667  1.0667  1.0667  1.0667  1.0667 -0.0000
 2.0e+01          3.61  1.1542  1.0691  0.9767  1.1127  1.0238  0.0019
 2.0e+01          5.11  1.1895  1.0716  0.9389  1.1326  1.0069  0.0037
 2.0e+01          6.25  1.2162  1.0740  0.9098  1.1483  0.9942  0.0056
 2.0e+01          7.22  1.2384  1.0765  0.8852  1.1617  0.9838  0.0074
 2.0e+01          8.08  1.2577  1.0790  0.8634  1.1738  0.9748  0.0093
 2.0e+01          8.85  1.2749  1.0814  0.8437  1.1848  0.9669  0.0111
 2.0e+01          9.56  1.2905  1.0839  0.8256  1.1951  0.9596  0.0129
 2.0e+01         10.22  1.3049  1.0863  0.8087  1.2048  0.9530  0.0148
 2.0e+01         10.84  1.3183  1.0888  0.7929  1.2139  0.9468  0.0166
 2.0e+01         11.43  1.3308  1.0913  0.7779  1.2227  0.9411  0.0185
 2.0e+01         11.99  1.3426  1.0937  0.7637  1.2311  0.9357  0.0203
 2.0e+01         12.53  1.3537  1.0962  0.7501  1.2392  0.9306  0.0222
 2.0e+01         13.04  1.3642  1.0986  0.7371  1.2470  0.9258  0.0240
 2.0e+01         13.54  1.3742  1.1011  0.7245  1.2546  0.9212  0.0259
 2.0e+01         14.01  1.3838  1.1036  0.7125  1.2620  0.9169  0.0277
 2.0e+01         14.48  1.3930  1.1060  0.7008  1.2692  0.9127  0.0295
 2.0e+01         14.92  1.4018  1.1085  0.6895  1.2762  0.9086  0.0314
 2.0e+01         15.36  1.4102  1.1109  0.6786  1.2830  0.9048  0.0332
 2.0e+01         15.78  1.4183  1.1134  0.6680  1.2897  0.9011  0.0351
 2.0e+01         16.19  1.4261  1.1159  0.6577  1.2963  0.8975  0.0369
 2.0e+01         16.60  1.4336  1.1183  0.6476  1.3027  0.8940  0.0387
 2.0e+01         16.99  1.4409  1.1208  0.6378  1.3090  0.8906  0.0406
 2.0e+01         17.38  1.4480  1.1232  0.6283  1.3152  0.8874  0.0424
 2.0e+01         17.75  1.4548  1.1257  0.6189  1.3213  0.8842  0.0442
 2.0e+01         18.12  1.4614  1.1282  0.6098  1.3273  0.8812  0.0461
 2.0e+01         18.48  1.4677  1.1306  0.6009  1.3332  0.8782  0.0479
 2.0e+01         18.84  1.4739  1.1331  0.5922  1.3391  0.8753  0.0497
 2.0e+01         19.19  1.4799  1.1355  0.5836  1.3448  0.8725  0.0515
 2.0e+01         19.53  1.4858  1.1380  0.5752  1.3505  0.8697  0.0534
 2.0e+01         19.87  1.4914  1.1404  0.5670  1.3561  0.8670  0.0552
 2.0e+01         20.20  1.4969  1.1429  0.5590  1.3616  0.8644  0.0570
 2.0e+01         20.53  1.5023  1.1453  0.5511  1.3670  0.8619  0.0588
 2.0e+01         20.85  1.5075  1.1478  0.5433  1.3724  0.8594  0.0606
 2.0e+01         21.16  1.5126  1.1502  0.5357  1.3777  0.8569  0.0625
 2.0e+01         21.48  1.5175  1.1527  0.5282  1.3830  0.8546  0.0643
 2.0e+01         21.79  1.5223  1.1551  0.5208  1.3882  0.8522  0.0661
 2.0e+01         22.09  1.5270  1.1576  0.5136  1.3933  0.8499  0.0679
 2.0e+01         22.39  1.5315  1.1600  0.5065  1.3984  0.8477  0.0697
 2.0e+01         22.69  1.5359  1.1624  0.4995  1.4035  0.8455  0.0715
 2.0e+01         22.98  1.5403  1.1649  0.4926  1.4085  0.8433  0.0733
 2.0e+01         23.27  1.5445  1.1673  0.4858  1.4134  0.8412  0.0752
 2.0e+01         23.56  1.5486  1.1697  0.4791  1.4183  0.8392  0.0770
 2.0e+01         23.84  1.5526  1.1722  0.4725  1.4232  0.8371  0.0788
 2.0e+01         24.12  1.5565  1.1746  0.4660  1.4280  0.8351  0.0806
 2.0e+01         24.39  1.5603  1.1770  0.4596  1.4328  0.8332  0.0824
 2.0e+01         24.67  1.5640  1.1795  0.4533  1.4375  0.8312  0.0842
 2.0e+01         24.94  1.5676  1.1819  0.4471  1.4422  0.8293  0.0860
 2.0e+01         25.21  1.5711  1.1843  0.4410  1.4468  0.8275  0.0878
 2.0e+01         25.47  1.5746  1.1867  0.4350  1.4514  0.8256  0.0895
 2.0e+01         25.74  1.5779  1.1891  0.4290  1.4560  0.8238  0.0913
 2.0e+01         26.00  1.5812  1.1915  0.4231  1.4605  0.8221  0.0931
 2.0e+01         26.26  1.5844  1.1940  0.4173  1.4650  0.8203  0.0949
 2.0e+01         26.51  1.5875  1.1964  0.4116  1.4695  0.8186  0.0967
 2.0e+01         26.76  1.5905  1.1988  0.4060  1.4739  0.8169  0.0985
 2.0e+01         27.02  1.5934  1.2012  0.4004  1.4783  0.8152  0.1003
 2.0e+01         27.26  1.5963  1.2036  0.3949  1.4827  0.8136  0.1020
 2.0e+01         27.51  1.5991  1.2060  0.3895  1.4870  0.8120  0.1038
 2.0e+01         27.76  1.6019  1.2083  0.3841  1.4913  0.8104  0.1056
 2.0e+01         28.00  1.6045  1.2107  0.3788  1.4956  0.8088  0.1074
 2.0e+01         28.24  1.6071  1.2131  0.3736  1.4998  0.8073  0.1091
 2.0e+01         28.48  1.6096  1.2155  0.3684  1.5040  0.8057  0.1109
 2.0e+01         28.72  1.6121  1.2179  0.3633  1.5082  0.8042  0.1127
 2.0e+01         28.95  1.6145  1.2202  0.3583  1.5124  0.8027  0.1144
 2.0e+01         29.19  1.6168  1.2226  0.3533  1.5165  0.8013  0.1162
 2.0e+01         29.42  1.6191  1.2250  0.3484  1.5206  0.7998  0.1179
 2.0e+01         29.65  1.6213  1.2273  0.3436  1.5247  0.7984  0.1197
 2.0e+01         29.88  1.6235  1.2297  0.3388  1.5287  0.7970  0.1215
 2.0e+01         30.11  1.6256  1.2320  0.3340  1.5327  0.7956  0.1232
 2.0e+01         30.33  1.6276  1.2344  0.3293  1.5367  0.7942  0.1250
 2.0e+01         30.56  1.6296  1.2367  0.3247  1.5407  0.7928  0.1267
 2.0e+01         30.78  1.6315  1.2391  0.3201  1.5446  0.7915  0.1284
 2.0e+01         31.00  1.6334  1.2414  0.3156  1.5485  0.7902  0.1302
 2.0e+01         31.22  1.6352  1.2437  0.3111  1.5524  0.7889  0.1319
 2.0e+01         31.44  1.6369  1.2460  0.3067  1.5563  0.7876  0.1336
 2.0e+01         31.66  1.6386  1.2483  0.3024  1.5601  0.7863  0.1354
 2.0e+01         31.87  1.6403  1.2506  0.2980  1.5639  0.7850  0.1371
 2.0e+01         32.09  1.6419  1.2529  0.2938  1.5677  0.7838  0.1388
 2.0e+01         32.30  1.6434  1.2552  0.2896  1.5715  0.7825  0.1405
 2.0e+01         32.51  1.6449  1.2575  0.2854  1.5753  0.7813  0.1423
 2.0e+01         32.72  1.6464  1.2598  0.2813  1.5790  0.7801  0.1440
 2.0e+01         32.93  1.6478  1.2621  0.2772  1.5827  0.7789  0.1457
 2.0e+01         33.14  1.6491  1.2644  0.2732  1.5864  0.7777  0.1474
 2.0e+01         33.35  1.6505  1.2666  0.2692  1.5900  0.7765  0.1491
 2.0e+01         33.56  1.6517  1.2689  0.2652  1.5937  0.7754  0.1508
 2.0e+01         33.76  1.6529  1.2711  0.2613  1.5973  0.7742  0.1525
 2.0e+01         33.97  1.6541  1.2734  0.2575  1.6009  0.7731  0.1542
 2.0e+01         34.17  1.6553  1.2756  0.2537  1.6044  0.7719  0.1559
 2.0e+01         34.37  1.6563  1.2778  0.2499  1.6080  0.7708  0.1576
 2.0e+01         34.57  1.6574  1.2801  0.2462  1.6115  0.7697  0.1593
 2.0e+01         34.77  1.6584  1.2823  0.2425  1.6150  0.7686  0.1609
 2.0e+01         34.97  1.6594  1.2845  0.2389  1.6185  0.7675  0.1626
 2.0e+01         35.17  1.6603  1.2867  0.2353  1.6220  0.7665  0.1643
 2.0e+01         35.36  1.6612  1.2888  0.2317  1.6254  0.7654  0.1660
 2.0e+01         35.56  1.6620  1.2910  0.2282  1.6288  0.7643  0.1676
 2.0e+01         35.75  1.6628  1.2932  0.2247  1.6322  0.7633  0.1693
 2.0e+01         35.95  1.6636  1.2954  0.2213  1.6356  0.7623  0.1709
 2.0e+01         36.14  1.6643  1.2975  0.2179  1.6390  0.7612  0.1726
 2.0e+01         36.33  1.6650  1.2996  0.2145  1.6423  0.7602  0.1742
 2.0e+01         36.53  1.6656  1.3018  0.2112  1.6456  0.7592  0.1759
 2.0e+01         36.72  1.6662  1.3039  0.2079  1.6489  0.7582  0.1775
 2.0e+01         36.91  1.6668  1.3060  0.2046  1.6522  0.7572  0.1792
 2.0e+01         37.10  1.6674  1.3081  0.2014  1.6555  0.7562  0.1808
 2.0e+01         37.28  1.6679  1.3102  0.1982  1.6587  0.7553  0.1824
 2.0e+01         37.47  1.6683  1.3123  0.1951  1.6619  0.7543  0.1841
 2.0e+01         37.66  1.6688  1.3143  0.1920  1.6651  0.7533  0.1857
 2.0e+01         37.84  1.6692  1.3164  0.1889  1.6683  0.7524  0.1873
 2.0e+01         38.03  1.6695  1.3184  0.1859  1.6715  0.7514  0.1889
 2.0e+01         38.21  1.6699  1.3205  0.1829  1.6746  0.7505  0.1905
 2.0e+01         38.40  1.6702  1.3225  0.1799  1.6778  0.7496  0.1921
 2.0e+01         38.58  1.6705  1.3245  0.1770  1.6809  0.7486  0.1937
 2.0e+01         38.76  1.6707  1.3265  0.1741  1.6839  0.7477  0.1953
 2.0e+01         38.94  1.6709  1.3285  0.1712  1.6870  0.7468  0.1969
 2.0e+01         39.12  1.6711  1.3304  0.1684  1.6901  0.7459  0.1985
 2.0e+01         39.30  1.6713  1.3324  0.1656  1.6931  0.7450  0.2000
 2.0e+01         39.48  1.6714  1.3343  0.1628  1.6961  0.7441  0.2016
 2.0e+01         39.66  1.6715  1.3362  0.1601  1.6991  0.7432  0.2032
 2.0e+01         39.84  1.6716  1.3381  0.1574  1.7021  0.7424  0.2047
 2.0e+01         40.01  1.6716  1.3400  0.1547  1.7050  0.7415  0.2063
 2.0e+01         40.19  1.6717  1.3419  0.1521  1.7079  0.7406  0.2078
 2.0e+01         40.37  1.6716  1.3438  0.1495  1.7109  0.7398  0.2094
 2.0e+01         40.54  1.6716  1.3456  0.1469  1.7138  0.7389  0.2109
 2.0e+01         40.72  1.6716  1.3474  0.1444  1.7166  0.7381  0.2124
 2.0e+01         40.89  1.6715  1.3492  0.1419  1.7195  0.7372  0.2140
 2.0e+01         41.06  1.6714  1.3510  0.1394  1.7223  0.7364  0.2155
 2.0e+01         41.24  1.6713  1.3528  0.1369  1.7251  0.7356  0.2170
 2.0e+01         41.41  1.6711  1.3545  0.1345  1.7279  0.7347  0.2185
 2.0e+01         41.58  1.6709  1.3563  0.1321  1.7307  0.7339  0.2200
 2.0e+01         41.75  1.6708  1.3580  0.1298  1.7335  0.7331  0.2215
 2.0e+01         41.92  1.6706  1.3597  0.1274  1.7362  0.7323  0.2230
 2.0e+01         42.09  1.6703  1.3613  0.1251  1.7390  0.7315  0.2245
 2.0e+01         42.26  1.6701  1.3630  0.1229  1.7417  0.7306  0.2260
 2.0e+01         42.43  1.6698  1.3646  0.1206  1.7443  0.7298  0.2274
 2.0e+01         42.60  1.6695  1.3662  0.1184  1.7470  0.7291  0.2289
 2.0e+01         42.76  1.6692  1.3678  0.1162  1.7497  0.7283  0.2304
 2.0e+01         42.93  1.6689  1.3694  0.1140  1.7523  0.7275  0.2318
 2.0e+01         43.10  1.6686  1.3709  0.1119  1.7549  0.7267  0.2332
 2.0e+01         43.26  1.6683  1.3724  0.1098  1.7575  0.7259  0.2347
 2.0e+01         43.43  1.6679  1.3739  0.1077  1.7601  0.7251  0.2361
 2.0e+01         43.60  1.6675  1.3753  0.1057  1.7626  0.7243  0.2375
 2.0e+01         43.76  1.6672  1.3768  0.1037  1.7651  0.7236  0.2390
 2.0e+01         43.92  1.6668  1.3782  0.1017  1.7677  0.7228  0.2404
 2.0e+01         44.09  1.6664  1.3795  0.0997  1.7702  0.7220  0.2418
 2.0e+01         44.25  1.6660  1.3809  0.0977  1.7726  0.7213  0.2432
 2.0e+01         44.41  1.6655  1.3822  0.0958  1.7751  0.7205  0.2445
 2.0e+01         44.58  1.6651  1.3834  0.0939  1.7775  0.7198  0.2459
 2.0e+01         44.74  1.6647  1.3847  0.0921  1.7799  0.7190  0.2473
 2.0e+01         44.90  1.6643  1.3859  0.0902  1.7823  0.7183  0.2487
 2.0e+01         45.06  1.6638  1.3871  0.0884  1.7847  0.7175  0.2500
 2.0e+01         45.22  1.6634  1.3882  0.0866  1.7871  0.7168  0.2514
 2.0e+01         45.38  1.6629  1.3893  0.0849  1.7894  0.7160  0.2527
 2.0e+01         45.54  1.6625  1.3904  0.0831  1.7918  0.7153  0.2540
 2.0e+01         45.70  1.6621  1.3914  0.0814  1.7941  0.7145  0.2553
 2.0e+01         45.86  1.6616  1.3924  0.0797  1.7963  0.7138  0.2567
 2.0e+01         46.02  1.6612  1.3934  0.0781  1.7986  0.7131  0.2580
 2.0e+01         46.17  1.6607  1.3943  0.0764  1.8008  0.7123  0.2592
 2.0e+01         46.33  1.6603  1.3952  0.0748  1.8031  0.7116  0.2605
 2.0e+01         46.49  1.6599  1.3960  0.0732  1.8053  0.7109  0.2618
 2.0e+01         46.64  1.6595  1.3968  0.0716  1.8075  0.7101  0.2631
 2.0e+01         46.80  1.6591  1.3975  0.0701  1.8096  0.7094  0.2643
 2.0e+01         46.96  1.6587  1.3982  0.0686  1.8118  0.7087  0.2656
 2.0e+01         47.11  1.6583  1.3989  0.0671  1.8139  0.7080  0.2668
 2.0e+01         47.27  1.6579  1.3995  0.0656  1.8160  0.7072  0.2681
 2.0e+01         47.42  1.6575  1.4000  0.0641  1.8181  0.7065  0.2693
 2.0e+01         47.57  1.6572  1.4005  0.0627  1.8202  0.7058  0.2705
 2.0e+01         47.73  1.6569  1.4010  0.0613  1.8222  0.7051  0.2717
 2.0e+01         47.88  1.6566  1.4013  0.0599  1.8242  0.7043  0.2729
 2.0e+01         48.03  1.6563  1.4017  0.0585  1.8263  0.7036  0.2741
 2.0e+01         48.19  1.6560  1.4020  0.0572  1.8282  0.7029  0.2752
 2.0e+01         48.34  1.6557  1.4022  0.0559  1.8302  0.7022  0.2764
 2.0e+01         48.49  1.6555  1.4024  0.0546  1.8322  0.7015  0.2775
 2.0e+01         48.64  1.6553  1.4025  0.0533  1.8341  0.7007  0.2787
 2.0e+01         48.79  1.6551  1.4025  0.0520  1.8360  0.7000  0.2798
 2.0e+01         48.95  1.6550  1.4025  0.0508  1.8379  0.6993  0.2809
 2.0e+01         49.10  1.6548  1.4025  0.0496  1.8398  0.6986  0.2820
 2.0e+01         49.25  1.6547  1.4023  0.0484  1.8416  0.6978  0.2831
 2.0e+01         49.40  1.6547  1.4021  0.0472  1.8435  0.6971  0.2842
 2.0e+01         49.55  1.6546  1.4019  0.0460  1.8453  0.6964  0.2853
 2.0e+01         49.70  1.6546  1.4016  0.0449  1.8471  0.6957  0.2863
 2.0e+01         49.84  1.6546  1.4012  0.0438  1.8488  0.6949  0.2874
 2.0e+01         49.99  1.6547  1.4007  0.0426  1.8506  0.6942  0.2884
 2.0e+01         50.14  1.6547  1.4002  0.0416  1.8523  0.6935  0.2894
 2.0e+01         50.29  1.6549  1.3996  0.0405  1.8540  0.6928  0.2904
 2.0e+01         50.44  1.6550  1.3990  0.0395  1.8557  0.6920  0.2914
 2.0e+01         50.58  1.6552  1.3983  0.0384  1.8574  0.6913  0.2924
 2.0e+01         50.73  1.6554  1.3975  0.0374  1.8591  0.6905  0.2934
 2.0e+01         50.88  1.6557  1.3966  0.0364  1.8607  0.6898  0.2943
 2.0e+01         51.02  1.6560  1.3957  0.0355  1.8623  0.6891  0.2953
 2.0e+01         51.17  1.6563  1.3947  0.0345  1.8639  0.6883  0.2962
 2.0e+01         51.32  1.6567  1.3936  0.0336  1.8655  0.6876  0.2971
 2.0e+01         51.46  1.6571  1.3925  0.0326  1.8671  0.6868  0.2981
 2.0e+01         51.61  1.6575  1.3913  0.0317  1.8686  0.6861  0.2990
 2.0e+01         51.75  1.6580  1.3900  0.0308  1.8701  0.6853  0.2998
 2.0e+01         51.90  1.6585  1.3887  0.0300  1.8716  0.6846  0.3007
 2.0e+01         52.04  1.6591  1.3873  0.0291  1.8731  0.6838  0.3016
 2.0e+01         52.18  1.6596  1.3858  0.0283  1.8746  0.6830  0.3024
 2.0e+01         52.33  1.6603  1.3842  0.0274  1.8760  0.6823  0.3032
 2.0e+01         52.47  1.6609  1.3826  0.0266  1.8774  0.6815  0.3040
 2.0e+01         52.61  1.6616  1.3809  0.0258  1.8788  0.6807  0.3048
 2.0e+01         52.76  1.6624  1.3792  0.0251  1.8802  0.6799  0.3056
 2.0e+01         52.90  1.6632  1.3774  0.0243  1.8816  0.6791  0.3064
 2.0e+01         53.04  1.6640  1.3755  0.0235  1.8830  0.6783  0.3072
 2.0e+01         53.18  1.6648  1.3735  0.0228  1.8843  0.6775  0.3079
 2.0e+01         53.33  1.6657  1.3715  0.0221  1.8856  0.6767  0.3086
 2.0e+01         53.47  1.6666  1.3694  0.0214  1.8869  0.6759  0.3093
 2.0e+01         53.61  1.6676  1.3672  0.0207  1.8882  0.6751  0.3100
 2.0e+01         53.75  1.6686  1.3650  0.0200  1.8895  0.6743  0.3107
 2.0e+01         53.89  1.6696  1.3627  0.0193  1.8907  0.6735  0.3114
 2.0e+01         54.03  1.6706  1.3604  0.0187  1.8919  0.6726  0.3120
 2.0e+01         54.17  1.6717  1.3580  0.0180  1.8931  0.6718  0.3127
 2.0e+01         54.31  1.6728  1.3555  0.0174  1.8943  0.6710  0.3133
 2.0e+01         54.45  1.6740  1.3530  0.0168  1.8955  0.6701  0.3139
 2.0e+01         54.59  1.6751  1.3504  0.0162  1.8967  0.6692  0.3145
 2.0e+01         54.73  1.6763  1.3478  0.0156  1.8978  0.6684  0.3151
 2.0e+01         54.87  1.6776  1.3451  0.0150  1.8989  0.6675  0.3157
 2.0e+01         55.01  1.6788  1.3423  0.0144  1.9001  0.6666  0.3162
 2.0e+01         55.15  1.6801  1.3395  0.0139  1.9012  0.6657  0.3167
 2.0e+01         55.29  1.6814  1.3366  0.0133  1.9022  0.6649  0.3173
 2.0e+01         55.42  1.6828  1.3336  0.0128  1.9033  0.6640  0.3178
 2.0e+01         55.56  1.6841  1.3307  0.0122  1.9043  0.6630  0.3182
 2.0e+01         55.70  1.6855  1.3276  0.0117  1.9054  0.6621  0.3187
 2.0e+01         55.84  1.6870  1.3245  0.0112  1.9064  0.6612  0.3192
 2.0e+01         55.97  1.6884  1.3214  0.0107  1.9074  0.6603  0.3196
 2.0e+01         56.11  1.6899  1.3181  0.0102  1.9084  0.6593  0.3200
 2.0e+01         56.25  1.6913  1.3149  0.0097  1.9094  0.6584  0.3204
 2.0e+01         56.39  1.6928  1.3116  0.0093  1.9103  0.6574  0.3208
 2.0e+01         56.52  1.6944  1.3082  0.0088  1.9113  0.6564  0.3212
 2.0e+01         56.66  1.6959  1.3048  0.0083  1.9122  0.6555  0.3216
 2.0e+01         56.79  1.6975  1.3013  0.0079  1.9131  0.6545  0.3219
 2.0e+01         56.93  1.6991  1.2978  0.0075  1.9140  0.6535  0.3222
 2.0e+01         57.06  1.7007  1.2943  0.0070  1.9149  0.6525  0.3225
 2.0e+01         57.20  1.7023  1.2907  0.0066  1.9158  0.6515  0.3228
 2.0e+01         57.34  1.7039  1.2870  0.0062  1.9166  0.6504  0.3231
 2.0e+01         57.47  1.7056  1.2833  0.0058  1.9175  0.6494  0.3234
 2.0e+01         57.61  1.7072  1.2796  0.0054  1.9183  0.6483  0.3236
 2.0e+01         57.74  1.7089  1.2758  0.0050  1.9191  0.6473  0.3238
 2.0e+01         57.87  1.7106  1.2720  0.0046  1.9199  0.6462  0.3241
 2.0e+01         58.01  1.7123  1.2681  0.0042  1.9207  0.6451  0.3243
 2.0e+01         58.14  1.7141  1.2642  0.0038  1.9215  0.6440  0.3244
 2.0e+01         58.28  1.7158  1.2603  0.0035  1.9223  0.6429  0.3246
 2.0e+01         58.41  1.7176  1.2563  0.0031  1.9230  0.6418  0.3248
 2.0e+01         58.54  1.7193  1.2522  0.0028  1.9238  0.6407  0.3249
 2.0e+01         58.68  1.7211  1.2481  0.0024  1.9245  0.6396  0.3250
 2.0e+01         58.81  1.7229  1.2440  0.0021  1.9253  0.6384  0.3251
 2.0e+01         58.94  1.7247  1.2399  0.0017  1.9260  0.6373  0.3252
 2.0e+01         59.07  1.7265  1.2357  0.0014  1.9267  0.6361  0.3253
 2.0e+01         59.21  1.7283  1.2314  0.0011  1.9274  0.6349  0.3253
 2.0e+01         59.34  1.7301  1.2272  0.0008  1.9281  0.6337  0.3254
 2.0e+01         59.47  1.7319  1.2228  0.0005  1.9287  0.6325  0.3254
 2.0e+01         59.60  1.7338  1.2185  0.0001  1.9294  0.6313  0.3254
 2.0e+01         59.73  1.7356  1.2141 -0.0002  1.9301  0.6300  0.3254
 2.0e+01         59.87  1.7374  1.2097 -0.0005  1.9307  0.6288  0.3254
 2.0e+01         60.00  1.7393  1.2052 -0.0007  1.9313  0.6275  0.3253
 2.0e+01         60.13  1.7412  1.2008 -0.0010  1.9320  0.6263  0.3253
 2.0e+01         60.26  1.7430  1.1962 -0.0013  1.9326  0.6250  0.3252
 2.0e+01         60.39  1.7449  1.1917 -0.0016  1.9332  0.6237  0.3251
 2.0e+01         60.52  1.7468  1.1871 -0.0019  1.9338  0.6224  0.3250
 2.0e+01         60.65  1.7486  1.1825 -0.0021  1.9344  0.6210  0.3249
 2.0e+01         60.78  1.7505  1.1778 -0.0024  1.9350  0.6197  0.3248
 2.0e+01         60.91  1.7524  1.1731 -0.0027  1.9355  0.6184  0.3246
 2.0e+01         61.04  1.7543  1.1684 -0.0029  1.9361  0.6170  0.3244
 2.0e+01         61.17  1.7562  1.1637 -0.0032  1.9367  0.6156  0.3243
 2.0e+01         61.30  1.7581  1.1589 -0.0034  1.9372  0.6142  0.3241
 2.0e+01         61.43  1.7599  1.1541 -0.0037  1.9377  0.6128  0.3239
 2.0e+01         61.56  1.7618  1.1492 -0.0039  1.9383  0.6114  0.3236
 2.0e+01         61.69  1.7637  1.1444 -0.0042  1.9388  0.6100  0.3234
 2.0e+01         61.82  1.7656  1.1395 -0.0044  1.9393  0.6085  0.3231
 2.0e+01         61.95  1.7675  1.1345 -0.0046  1.9398  0.6071  0.3229
 2.0e+01         62.08  1.7694  1.1296 -0.0049  1.9403  0.6056  0.3226
 2.0e+01         62.20  1.7713  1.1246 -0.0051  1.9408  0.6041  0.3223
 2.0e+01         62.33  1.7732  1.1196 -0.0053  1.9413  0.6026  0.3219
 2.0e+01         62.46  1.7751  1.1146 -0.0055  1.9418  0.6011  0.3216
 2.0e+01         62.59  1.7770  1.1095 -0.0058  1.9423  0.5996  0.3213
 2.0e+01         62.72  1.7789  1.1044 -0.0060  1.9428  0.5980  0.3209
 2.0e+01         62.85  1.7807  1.0993 -0.0062  1.9432  0.5965  0.3205
 2.0e+01         62.97  1.7826  1.0942 -0.0064  1.9437  0.5949  0.3201
 2.0e+01         63.10  1.7845  1.0890 -0.0066  1.9442  0.5933  0.3197
 2.0e+01         63.23  1.7864  1.0838 -0.0068  1.9446  0.5917  0.3193
 2.0e+01         63.36  1.7883  1.0786 -0.0070  1.9451  0.5901  0.3189
 2.0e+01         63.48  1.7901  1.0734 -0.0072  1.9455  0.5884  0.3184
 2.0e+01         63.61  1.7920  1.0681 -0.0074  1.9459  0.5868  0.3179
 2.0e+01         63.74  1.7939  1.0628 -0.0076  1.9464  0.5851  0.3174
 2.0e+01         63.86  1.7957  1.0575 -0.0078  1.9468  0.5835  0.3169
 2.0e+01         63.99  1.7976  1.0522 -0.0080  1.9472  0.5818  0.3164
 2.0e+01         64.12  1.7994  1.0468 -0.0081  1.9476  0.5801  0.3159
 2.0e+01         64.24  1.8013  1.0415 -0.0083  1.9480  0.5784  0.3154
 2.0e+01         64.37  1.8031  1.0361 -0.0085  1.9484  0.5766  0.3148
 2.0e+01         64.49  1.8049  1.0307 -0.0087  1.9488  0.5749  0.3142
 2.0e+01         64.62  1.8068  1.0253 -0.0089  1.9492  0.5731  0.3137
 2.0e+01         64.75  1.8086  1.0198 -0.0090  1.9496  0.5714  0.3131
 2.0e+01         64.87  1.8104  1.0143 -0.0092  1.9500  0.5696  0.3124
 2.0e+01         65.00  1.8122  1.0088 -0.0094  1.9504  0.5678  0.3118
 2.0e+01         65.12  1.8140  1.0033 -0.0095  1.9507  0.5659  0.3112
 2.0e+01         65.25  1.8158  0.9978 -0.0097  1.9511  0.5641  0.3105
 2.0e+01         65.37  1.8176  0.9923 -0.0099  1.9515  0.5623  0.3098
 2.0e+01         65.50  1.8194  0.9867 -0.0100  1.9518  0.5604  0.3092
 2.0e+01         65.62  1.8212  0.9811 -0.0102  1.9522  0.5585  0.3085
 2.0e+01         65.75  1.8230  0.9755 -0.0103  1.9526  0.5566  0.3077
 2.0e+01         65.87  1.8248  0.9699 -0.0105  1.9529  0.5547  0.3070
 2.0e+01         66.00  1.8265  0.9643 -0.0106  1.9533  0.5528  0.3063
 2.0e+01         66.12  1.8283  0.9586 -0.0108  1.9536  0.5509  0.3055
 2.0e+01         66.25  1.8300  0.9530 -0.0109  1.9539  0.5489  0.3048
 2.0e+01         66.37  1.8318  0.9473 -0.0111  1.9543  0.5470  0.3040
 2.0e+01         66.49  1.8335  0.9416 -0.0112  1.9546  0.5450  0.3032
 2.0e+01         66.62  1.8352  0.9359 -0.0114  1.9550  0.5430  0.3024
 2.0e+01         66.74  1.8369  0.9302 -0.0115  1.9553  0.5410  0.3015
 2.0e+01         66.86  1.8386  0.9245 -0.0116  1.9556  0.5390  0.3007
 2.0e+01         66.99  1.8403  0.9187 -0.0118  1.9559  0.5369  0.2998
 2.0e+01         67.11  1.8420  0.9129 -0.0119  1.9563  0.5349  0.2990
 2.0e+01         67.23  1.8437  0.9072 -0.0120  1.9566  0.5328  0.2981
 2.0e+01         67.36  1.8454  0.9014 -0.0122  1.9569  0.5307  0.2972
 2.0e+01         67.48  1.8471  0.8956 -0.0123  1.9572  0.5286  0.2963
 2.0e+01         67.60  1.8487  0.8898 -0.0124  1.9575  0.5265  0.2954
 2.0e+01         67.73  1.8504  0.8840 -0.0125  1.9578  0.5244  0.2945
 2.0e+01         67.85  1.8520  0.8781 -0.0127  1.9581  0.5222  0.2935
 2.0e+01         67.97  1.8536  0.8723 -0.0128  1.9584  0.5201  0.2925
 2.0e+01         68.10  1.8553  0.8664 -0.0129  1.9587  0.5179  0.2916
 2.0e+01         68.22  1.8569  0.8606 -0.0130  1.9590  0.5157  0.2906
 2.0e+01         68.34  1.8585  0.8547 -0.0131  1.9593  0.5135  0.2896
 2.0e+01         68.46  1.8601  0.8488 -0.0132  1.9596  0.5113  0.2886
 2.0e+01         68.58  1.8617  0.8429 -0.0134  1.9599  0.5091  0.2875
 2.0e+01         68.71  1.8633  0.8370 -0.0135  1.9602  0.5069  0.2865
 2.0e+01         68.83  1.8648  0.8311 -0.0136  1.9605  0.5046  0.2855
 2.0e+01         68.95  1.8664  0.8252 -0.0137  1.9608  0.5023  0.2844
 2.0e+01         69.07  1.8679  0.8192 -0.0138  1.9610  0.5001  0.2833
 2.0e+01         69.19  1.8695  0.8133 -0.0139  1.9613  0.4978  0.2822
 2.0e+01         69.32  1.8710  0.8074 -0.0140  1.9616  0.4954  0.2811
 2.0e+01         69.44  1.8725  0.8014 -0.0141  1.9619  0.4931  0.2800
 2.0e+01         69.56  1.8741  0.7955 -0.0142  1.9622  0.4908  0.2789
 2.0e+01         69.68  1.8756  0.7895 -0.0143  1.9624  0.4884  0.2777
 2.0e+01         69.80  1.8771  0.7835 -0.0144  1.9627  0.4861  0.2766
 2.0e+01         69.92  1.8785  0.7776 -0.0145  1.9630  0.4837  0.2754
 2.0e+01         70.04  1.8800  0.7716 -0.0145  1.9632  0.4813  0.2742
 2.0e+01         70.16  1.8815  0.7656 -0.0146  1.9635  0.4789  0.2730
 2.0e+01         70.28  1.8829  0.7596 -0.0147  1.9638  0.4765  0.2718
 2.0e+01         70.40  1.8844  0.7536 -0.0148  1.9641  0.4740  0.2706
 2.0e+01         70.53  1.8858  0.7477 -0.0149  1.9643  0.4716  0.2694
 2.0e+01         70.65  1.8873  0.7417 -0.0150  1.9646  0.4691  0.2682
 2.0e+01         70.77  1.8887  0.7357 -0.0150  1.9648  0.4666  0.2669
 2.0e+01         70.89  1.8901  0.7297 -0.0151  1.9651  0.4641  0.2656
 2.0e+01         71.01  1.8915  0.7236 -0.0152  1.9654  0.4616  0.2644
 2.0e+01         71.13  1.8929  0.7176 -0.0153  1.9656  0.4591  0.2631
 2.0e+01         71.25  1.8943  0.7116 -0.0153  1.9659  0.4566  0.2618
 2.0e+01         71.37  1.8956  0.7056 -0.0154  1.9661  0.4540  0.2605
 2.0e+01         71.49  1.8970  0.6996 -0.0155  1.9664  0.4515  0.2591
 2.0e+01         71.61  1.8984  0.6936 -0.0155  1.9666  0.4489  0.2578
 2.0e+01         71.73  1.8997  0.6876 -0.0156  1.9669  0.4463  0.2565
 2.0e+01         71.85  1.9010  0.6816 -0.0157  1.9671  0.4437  0.2551
 2.0e+01         71.97  1.9024  0.6756 -0.0157  1.9674  0.4411  0.2537
 2.0e+01         72.09  1.9037  0.6696 -0.0158  1.9677  0.4385  0.2523
 2.0e+01         72.21  1.9050  0.6636 -0.0158  1.9679  0.4358  0.2509
 2.0e+01         72.32  1.9063  0.6575 -0.0159  1.9682  0.4332  0.2495
 2.0e+01         72.44  1.9076  0.6515 -0.0159  1.9684  0.4305  0.2481
 2.0e+01         72.56  1.9088  0.6455 -0.0160  1.9687  0.4278  0.2467
 2.0e+01         72.68  1.9101  0.6395 -0.0160  1.9689  0.4251  0.2453
 2.0e+01         72.80  1.9113  0.6335 -0.0161  1.9691  0.4224  0.2438
 2.0e+01         72.92  1.9126  0.6275 -0.0161  1.9694  0.4197  0.2423
 2.0e+01         73.04  1.9138  0.6215 -0.0162  1.9696  0.4170  0.2409
 2.0e+01         73.16  1.9151  0.6156 -0.0162  1.9699  0.4142  0.2394
 2.0e+01         73.28  1.9163  0.6096 -0.0162  1.9701  0.4115  0.2379
 2.0e+01         73.40  1.9175  0.6036 -0.0163  1.9704  0.4087  0.2364
 2.0e+01         73.51  1.9187  0.5976 -0.0163  1.9706  0.4059  0.2349
 2.0e+01         73.63  1.9199  0.5917 -0.0163  1.9709  0.4031  0.2334
 2.0e+01         73.75  1.9210  0.5857 -0.0164  1.9711  0.4003  0.2318
 2.0e+01         73.87  1.9222  0.5797 -0.0164  1.9713  0.3975  0.2303
 2.0e+01         73.99  1.9234  0.5738 -0.0164  1.9716  0.3947  0.2287
 2.0e+01         74.11  1.9245  0.5678 -0.0164  1.9718  0.3918  0.2271
 2.0e+01         74.22  1.9257  0.5619 -0.0165  1.9721  0.3890  0.2256
 2.0e+01         74.34  1.9268  0.5560 -0.0165  1.9723  0.3861  0.2240
 2.0e+01         74.46  1.9279  0.5501 -0.0165  1.9726  0.3832  0.2224
 2.0e+01         74.58  1.9290  0.5441 -0.0165  1.9728  0.3803  0.2208
 2.0e+01         74.70  1.9301  0.5382 -0.0165  1.9730  0.3774  0.2192
 2.0e+01         74.81  1.9312  0.5323 -0.0165  1.9733  0.3745  0.2175
 2.0e+01         74.93  1.9323  0.5264 -0.0166  1.9735  0.3716  0.2159
 2.0e+01         75.05  1.9334  0.5206 -0.0166  1.9738  0.3687  0.2143
 2.0e+01         75.17  1.9344  0.5147 -0.0166  1.9740  0.3657  0.2126
 2.0e+01         75.28  1.9355  0.5088 -0.0166  1.9742  0.3628  0.2109
 2.0e+01         75.40  1.9365  0.5030 -0.0166  1.9745  0.3598  0.2093
 2.0e+01         75.52  1.9375  0.4972 -0.0166  1.9747  0.3568  0.2076
 2.0e+01         75.64  1.9386  0.4913 -0.0166  1.9750  0.3538  0.2059
 2.0e+01         75.75  1.9396  0.4855 -0.0166  1.9752  0.3508  0.2042
 2.0e+01         75.87  1.9406  0.4797 -0.0165  1.9755  0.3478  0.2025
 2.0e+01         75.99  1.9416  0.4739 -0.0165  1.9757  0.3448  0.2008
 2.0e+01         76.11  1.9426  0.4682 -0.0165  1.9759  0.3418  0.1990
 2.0e+01         76.22  1.9436  0.4624 -0.0165  1.9762  0.3387  0.1973
 2.0e+01         76.34  1.9445  0.4567 -0.0165  1.9764  0.3357  0.1956
 2.0e+01         76.46  1.9455  0.4509 -0.0165  1.9767  0.3326  0.1938
 2.0e+01         76.57  1.9464  0.4452 -0.0165  1.9769  0.3295  0.1921
 2.0e+01         76.69  1.9474  0.4395 -0.0164  1.9771  0.3264  0.1903
 2.0e+01         76.81  1.9483  0.4338 -0.0164  1.9774  0.3234  0.1885
 2.0e+01         76.92  1.9492  0.4281 -0.0164  1.9776  0.3203  0.1867
 2.0e+01         77.04  1.9501  0.4225 -0.0163  1.9779  0.3171  0.1850
 2.0e+01         77.16  1.9511  0.4168 -0.0163  1.9781  0.3140  0.1832
 2.0e+01         77.27  1.9519  0.4112 -0.0163  1.9784  0.3109  0.1814
 2.0e+01         77.39  1.9528  0.4056 -0.0162  1.9786  0.3078  0.1795
 2.0e+01         77.51  1.9537  0.4000 -0.0162  1.9788  0.3046  0.1777
 2.0e+01         77.62  1.9546  0.3944 -0.0161  1.9791  0.3015  0.1759
 2.0e+01         77.74  1.9554  0.3889 -0.0161  1.9793  0.2983  0.1741
 2.0e+01         77.86  1.9563  0.3833 -0.0161  1.9796  0.2951  0.1722
 2.0e+01         77.97  1.9571  0.3778 -0.0160  1.9798  0.2919  0.1704
 2.0e+01         78.09  1.9580  0.3723 -0.0160  1.9800  0.2887  0.1685
 2.0e+01         78.20  1.9588  0.3668 -0.0159  1.9803  0.2856  0.1667
 2.0e+01         78.32  1.9596  0.3614 -0.0158  1.9805  0.2823  0.1648
 2.0e+01         78.44  1.9604  0.3559 -0.0158  1.9808  0.2791  0.1630
 2.0e+01         78.55  1.9612  0.3505 -0.0157  1.9810  0.2759  0.1611
 2.0e+01         78.67  1.9620  0.3451 -0.0157  1.9813  0.2727  0.1592
 2.0e+01         78.78  1.9628  0.3397 -0.0156  1.9815  0.2695  0.1573
 2.0e+01         78.90  1.9635  0.3344 -0.0155  1.9818  0.2662  0.1554
 2.0e+01         79.02  1.9643  0.3290 -0.0154  1.9820  0.2630  0.1535
 2.0e+01         79.13  1.9651  0.3237 -0.0154  1.9822  0.2597  0.1516
 2.0e+01         79.25  1.9658  0.3184 -0.0153  1.9825  0.2565  0.1497
 2.0e+01         79.36  1.9665  0.3132 -0.0152  1.9827  0.2532  0.1478
 2.0e+01         79.48  1.9673  0.3079 -0.0151  1.9830  0.2499  0.1459
 2.0e+01         79.59  1.9680  0.3027 -0.0150  1.9832  0.2467  0.1440
 2.0e+01         79.71  1.9687  0.2975 -0.0150  1.9835  0.2434  0.1421
 2.0e+01         79.83  1.9694  0.2924 -0.0149  1.9837  0.2401  0.1402
 2.0e+01         79.94  1.9701  0.2872 -0.0148  1.9840  0.2368  0.1382
 2.0e+01         80.06  1.9708  0.2821 -0.0147  1.9842  0.2335  0.1363
 2.0e+01         80.17  1.9715  0.2770 -0.0146  1.9845  0.2302  0.1344
 2.0e+01         80.29  1.9721  0.2720 -0.0145  1.9847  0.2269  0.1324
 2.0e+01         80.40  1.9728  0.2670 -0.0144  1.9849  0.2236  0.1305
 2.0e+01         80.52  1.9734  0.2619 -0.0143  1.9852  0.2203  0.1286
 2.0e+01         80.63  1.9741  0.2570 -0.0142  1.9854  0.2170  0.1266
 2.0e+01         80.75  1.9747  0.2520 -0.0141  1.9857  0.2137  0.1247
 2.0e+01         80.86  1.9753  0.2471 -0.0139  1.9859  0.2104  0.1227
 2.0e+01         80.98  1.9760  0.2422 -0.0138  1.9862  0.2071  0.1208
 2.0e+01         81.09  1.9766  0.2374 -0.0137  1.9864  0.2038  0.1188
 2.0e+01         81.21  1.9772  0.2325 -0.0136  1.9867  0.2005  0.1169
 2.0e+01         81.32  1.9778  0.2277 -0.0135  1.9869  0.1972  0.1149
 2.0e+01         81.44  1.9783  0.2230 -0.0133  1.9871  0.1938  0.1130
 2.0e+01         81.55  1.9789  0.2182 -0.0132  1.9874  0.1905  0.1110
 2.0e+01         81.67  1.9795  0.2135 -0.0131  1.9876  0.1872  0.1091
 2.0e+01         81.78  1.9801  0.2089 -0.0129  1.9879  0.1839  0.1071
 2.0e+01         81.90  1.9806  0.2042 -0.0128  1.9881  0.1806  0.1052
 2.0e+01         82.01  1.9812  0.1996 -0.0127  1.9884  0.1773  0.1032
 2.0e+01         82.13  1.9817  0.1950 -0.0125  1.9886  0.1740  0.1013
 2.0e+01         82.24  1.9822  0.1905 -0.0124  1.9888  0.1707  0.0994
 2.0e+01         82.36  1.9827  0.1860 -0.0122  1.9891  0.1673  0.0974
 2.0e+01         82.47  1.9832  0.1815 -0.0121  1.9893  0.1640  0.0955
 2.0e+01         82.59  1.9838  0.1771 -0.0119  1.9896  0.1608  0.0935
 2.0e+01         82.70  1.9842  0.1727 -0.0118  1.9898  0.1575  0.0916
 2.0e+01         82.82  1.9847  0.1684 -0.0116  1.9900  0.1542  0.0897
 2.0e+01         82.93  1.9852  0.1640 -0.0114  1.9903  0.1509  0.0877
 2.0e+01         83.04  1.9857  0.1598 -0.0113  1.9905  0.1476  0.0858
 2.0e+01         83.16  1.9862  0.1555 -0.0111  1.9908  0.1443  0.0839
 2.0e+01         83.27  1.9866  0.1513 -0.0110  1.9910  0.1411  0.0820
 2.0e+01         83.39  1.9871  0.1472 -0.0108  1.9912  0.1378  0.0801
 2.0e+01         83.50  1.9875  0.1430 -0.0106  1.9915  0.1346  0.0782
 2.0e+01         83.62  1.9879  0.1389 -0.0104  1.9917  0.1313  0.0763
 2.0e+01         83.73  1.9884  0.1349 -0.0103  1.9919  0.1281  0.0744
 2.0e+01         83.85  1.9888  0.1309 -0.0101  1.9921  0.1249  0.0725
 2.0e+01         83.96  1.9892  0.1269 -0.0099  1.9924  0.1217  0.0706
 2.0e+01         84.07  1.9896  0.1230 -0.0097  1.9926  0.1185  0.0687
 2.0e+01         84.19  1.9900  0.1192 -0.0095  1.9928  0.1153  0.0669
 2.0e+01         84.30  1.9904  0.1153 -0.0093  1.9930  0.1121  0.0650
 2.0e+01         84.42  1.9908  0.1115 -0.0091  1.9933  0.1090  0.0632
 2.0e+01         84.53  1.9911  0.1078 -0.0090  1.9935  0.1058  0.0613
 2.0e+01         84.64  1.9915  0.1041 -0.0088  1.9937  0.1027  0.0595
 2.0e+01         84.76  1.9918  0.1005 -0.0086  1.9939  0.0996  0.0577
 2.0e+01         84.87  1.9922  0.0969 -0.0084  1.9941  0.0965  0.0559
 2.0e+01         84.99  1.9925  0.0933 -0.0082  1.9944  0.0934  0.0541
 2.0e+01         85.10  1.9929  0.0898 -0.0080  1.9946  0.0904  0.0523
 2.0e+01         85.22  1.9932  0.0864 -0.0078  1.9948  0.0874  0.0505
 2.0e+01         85.33  1.9935  0.0830 -0.0076  1.9950  0.0843  0.0488
 2.0e+01         85.44  1.9938  0.0796 -0.0073  1.9952  0.0813  0.0470
 2.0e+01         85.56  1.9941  0.0763 -0.0071  1.9954  0.0784  0.0453
 2.0e+01         85.67  1.9944  0.0731 -0.0069  1.9956  0.0754  0.0436
 2.0e+01         85.79  1.9947  0.0699 -0.0067  1.9958  0.0725  0.0419
 2.0e+01         85.90  1.9950  0.0667 -0.0065  1.9960  0.0696  0.0402
 2.0e+01         86.01  1.9953  0.0636 -0.0063  1.9962  0.0667  0.0385
 2.0e+01         86.13  1.9955  0.0606 -0.0061  1.9963  0.0639  0.0369
 2.0e+01         86.24  1.9958  0.0576 -0.0059  1.9965  0.0611  0.0352
 2.0e+01         86.36  1.9960  0.0547 -0.0056  1.9967  0.0583  0.0336
 2.0e+01         86.47  1.9963  0.0519 -0.0054  1.9969  0.0556  0.0320
 2.0e+01         86.58  1.9965  0.0491 -0.0052  1.9971  0.0529  0.0305
 2.0e+01         86.70  1.9967  0.0463 -0.0050  1.9972  0.0502  0.0289
 2.0e+01         86.81  1.9970  0.0436 -0.0048  1.9974  0.0476  0.0274
 2.0e+01         86.92  1.9972  0.0410 -0.0045  1.9976  0.0450  0.0259
 2.0e+01         87.04  1.9974  0.0385 -0.0043  1.9977  0.0424  0.0244
 2.0e+01         87.15  1.9976  0.0360 -0.0041  1.9979  0.0399  0.0229
 2.0e+01         87.27  1.9978  0.0336 -0.0039  1.9980  0.0374  0.0215
 2.0e+01         87.38  1.9979  0.0312 -0.0037  1.9982  0.0350  0.0201
 2.0e+01         87.49  1.9981  0.0289 -0.0035  1.9983  0.0327  0.0188
 2.0e+01         87.61  1.9983  0.0267 -0.0033  1.9985  0.0303  0.0174
 2.0e+01         87.72  1.9984  0.0245 -0.0030  1.9986  0.0281  0.0161
 2.0e+01         87.84  1.9986  0.0225 -0.0028  1.9987  0.0259  0.0148
 2.0e+01         87.95  1.9987  0.0205 -0.0026  1.9988  0.0237  0.0136
 2.0e+01         88.06  1.9989  0.0185 -0.0024  1.9990  0.0216  0.0124
 2.0e+01         88.18  1.9990  0.0167 -0.0022  1.9991  0.0196  0.0112
 2.0e+01         88.29  1.9991  0.0149 -0.0020  1.9992  0.0176  0.0101
 2.0e+01         88.40  1.9992  0.0132 -0.0018  1.9993  0.0158  0.0090
 2.0e+01         88.52  1.9993  0.0116 -0.0016  1.9994  0.0140  0.0080
 2.0e+01         88.63  1.9994  0.0101 -0.0014  1.9995  0.0122  0.0070
 2.0e+01         88.74  1.9995  0.0087 -0.0013  1.9995  0.0106  0.0061
 2.0e+01         88.86  1.9996  0.0073 -0.0011  1.9996  0.0090  0.0052
 2.0e+01         88.97  1.9997  0.0061 -0.0009  1.9997  0.0076  0.0043
 2.0e+01         89.09  1.9997  0.0050 -0.0008  1.9998  0.0062  0.0035
 2.0e+01         89.20  1.9998  0.0039 -0.0006  1.9998  0.0049  0.0028
 2.0e+01         89.31  1.9999  0.0030 -0.0005  1.9999  0.0038  0.0022
 2.0e+01         89.43  1.9999  0.0022 -0.0004  1.9999  0.0028  0.0016
 1.0e+02          0.00  1.0667  1.0667  1.0667  1.0667  1.0667 -0.0000
 1.0e+02          3.61  1.1589  1.0692  0.9720  1.1151  1.0215  0.0021
 1.0e+02          5.11  1.1962  1.0718  0.9323  1.1362  1.0037  0.0041
 1.0e+02          6.25  1.2244  1.0744  0.9017  1.1527  0.9904  0.0062
 1.0e+02          7.22  1.2478  1.0770  0.8758  1.1669  0.9794  0.0082
 1.0e+02          8.08  1.2681  1.0796  0.8530  1.1796  0.9700  0.0103
 1.0e+02          8.85  1.2863  1.0822  0.8324  1.1913  0.9615  0.0123
 1.0e+02          9.56  1.3028  1.0848  0.8134  1.2022  0.9539  0.0143
 1.0e+02         10.22  1.3180  1.0874  0.7958  1.2124  0.9469  0.0164
 1.0e+02         10.84  1.3322  1.0900  0.7792  1.2221  0.9405  0.0184
 1.0e+02         11.43  1.3453  1.0926  0.7635  1.2314  0.9344  0.0205
 1.0e+02         11.99  1.3578  1.0952  0.7486  1.2403  0.9287  0.0225
 1.0e+02         12.53  1.3695  1.0978  0.7344  1.2488  0.9234  0.0246
 1.0e+02         13.04  1.3806  1.1004  0.7208  1.2571  0.9183  0.0266
 1.0e+02         13.54  1.3912  1.1030  0.7078  1.2652  0.9135  0.0286
 1.0e+02         14.01  1.4013  1.1056  0.6952  1.2730  0.9088  0.0307
 1.0e+02         14.48  1.4110  1.1082  0.6830  1.2806  0.9044  0.0327
 1.0e+02         14.92  1.4202  1.1108  0.6713  1.2880  0.9002  0.0347
 1.0e+02         15.36  1.4291  1.1134  0.6599  1.2953  0.8961  0.0367
 1.0e+02         15.78  1.4377  1.1160  0.6488  1.3024  0.8922  0.0388
 1.0e+02         16.19  1.4459  1.1186  0.6381  1.3094  0.8884  0.0408
 1.0e+02         16.60  1.4538  1.1212  0.6276  1.3162  0.8847  0.0428
 1.0e+02         16.99  1.4615  1.1239  0.6174  1.3229  0.8812  0.0448
 1.0e+02         17.38  1.4689  1.1265  0.6075  1.3295  0.8777  0.0468
 1.0e+02         17.75  1.4761  1.1291  0.5978  1.3360  0.8744  0.0489
 1.0e+02         18.12  1.4830  1.1317  0.5883  1.3424  0.8712  0.0509
 1.0e+02         18.48  1.4897  1.1343  0.5791  1.3486  0.8680  0.0529
 1.0e+02         18.84  1.4962  1.1369  0.5700  1.3548  0.8650  0.0549
 1.0e+02         19.19  1.5025  1.1395  0.5611  1.3609  0.8620  0.0569
 1.0e+02         19.53  1.5087  1.1422  0.5525  1.3670  0.8591  0.0589
 1.0e+02         19.87  1.5146  1.1448  0.5439  1.3729  0.8562  0.0609
 1.0e+02         20.20  1.5204  1.1474  0.5356  1.3788  0.8535  0.0629
 1.0e+02         20.53  1.5260  1.1500  0.5274  1.3846  0.8508  0.0649
 1.0e+02         20.85  1.5315  1.1526  0.5194  1.3904  0.8481  0.0669
 1.0e+02         21.16  1.5368  1.1552  0.5115  1.3960  0.8456  0.0689
 1.0e+02         21.48  1.5420  1.1579  0.5038  1.4016  0.8430  0.0709
 1.0e+02         21.79  1.5470  1.1605  0.4961  1.4072  0.8406  0.0729
 1.0e+02         22.09  1.5519  1.1631  0.4887  1.4127  0.8381  0.0749
 1.0e+02         22.39  1.5566  1.1657  0.4813  1.4181  0.8358  0.0769
 1.0e+02         22.69  1.5613  1.1683  0.4741  1.4235  0.8334  0.0788
 1.0e+02         22.98  1.5658  1.1710  0.4670  1.4289  0.8312  0.0808
 1.0e+02         23.27  1.5702  1.1736  0.4599  1.4342  0.8289  0.0828
 1.0e+02         23.56  1.5744  1.1762  0.4531  1.4394  0.8267  0.0848
 1.0e+02         23.84  1.5786  1.1788  0.4463  1.4446  0.8246  0.0868
 1.0e+02         24.12  1.5827  1.1814  0.4396  1.4497  0.8224  0.0887
 1.0e+02         24.39  1.5866  1.1840  0.4330  1.4548  0.8204  0.0907
 1.0e+02         24.67  1.5905  1.1867  0.4265  1.4599  0.8183  0.0927
 1.0e+02         24.94  1.5942  1.1893  0.4201  1.4649  0.8163  0.0946
 1.0e+02         25.21  1.5979  1.1919  0.4138  1.4699  0.8143  0.0966
 1.0e+02         25.47  1.6015  1.1945  0.4076  1.4749  0.8124  0.0986
 1.0e+02         25.74  1.6049  1.1971  0.4015  1.4798  0.8105  0.1005
 1.0e+02         26.00  1.6083  1.1997  0.3954  1.4846  0.8086  0.1025
 1.0e+02         26.26  1.6116  1.2023  0.3895  1.4895  0.8067  0.1044
 1.0e+02         26.51  1.6148  1.2049  0.3836  1.4943  0.8049  0.1064
 1.0e+02         26.76  1.6179  1.2075  0.3778  1.4990  0.8031  0.1083
 1.0e+02         27.02  1.6210  1.2101  0.3721  1.5037  0.8013  0.1103
 1.0e+02         27.26  1.6239  1.2127  0.3665  1.5084  0.7996  0.1122
 1.0e+02         27.51  1.6268  1.2153  0.3609  1.5131  0.7979  0.1141
 1.0e+02         27.76  1.6296  1.2179  0.3554  1.5177  0.7962  0.1161
 1.0e+02         28.00  1.6323  1.2205  0.3500  1.5223  0.7945  0.1180
 1.0e+02         28.24  1.6350  1.2231  0.3447  1.5269  0.7929  0.1200
 1.0e+02         28.48  1.6375  1.2257  0.3394  1.5314  0.7912  0.1219
 1.0e+02         28.72  1.6400  1.2283  0.3342  1.5359  0.7896  0.1238
 1.0e+02         28.95  1.6425  1.2309  0.3290  1.5404  0.7880  0.1257
 1.0e+02         29.19  1.6448  1.2335  0.3239  1.5449  0.7865  0.1277
 1.0e+02         29.42  1.6471  1.2361  0.3189  1.5493  0.7849  0.1296
 1.0e+02         29.65  1.6494  1.2387  0.3139  1.5537  0.7834  0.1315
 1.0e+02         29.88  1.6515  1.2413  0.3090  1.5581  0.7819  0.1334
 1.0e+02         30.11  1.6536  1.2438  0.3042  1.5624  0.7804  0.1353
 1.0e+02         30.33  1.6557  1.2464  0.2994  1.5667  0.7790  0.1372
 1.0e+02         30.56  1.6576  1.2490  0.2947  1.5710  0.7775  0.1391
 1.0e+02         30.78  1.6595  1.2516  0.2901  1.5753  0.7761  0.1410
 1.0e+02         31.00  1.6614  1.2541  0.2855  1.5795  0.7747  0.1429
 1.0e+02         31.22  1.6632  1.2567  0.2809  1.5837  0.7733  0.1448
 1.0e+02         31.44  1.6649  1.2593  0.2764  1.5879  0.7719  0.1467
 1.0e+02         31.66  1.6666  1.2618  0.2720  1.5921  0.7705  0.1486
 1.0e+02         31.87  1.6682  1.2644  0.2676  1.5962  0.7692  0.1505
 1.0e+02         32.09  1.6697  1.2669  0.2632  1.6003  0.7678  0.1524
 1.0e+02         32.30  1.6712  1.2695  0.2590  1.6044  0.7665  0.1542
 1.0e+02         32.51  1.6727  1.2720  0.2547  1.6085  0.7652  0.1561
 1.0e+02         32.72  1.6741  1.2746  0.2506  1.6125  0.7639  0.1580
 1.0e+02         32.93  1.6754  1.2771  0.2464  1.6165  0.7626  0.1599
 1.0e+02         33.14  1.6767  1.2796  0.2423  1.6206  0.7614  0.1617
 1.0e+02         33.35  1.6779  1.2822  0.2383  1.6245  0.7601  0.1636
 1.0e+02         33.56  1.6791  1.2847  0.2343  1.6285  0.7589  0.1654
 1.0e+02         33.76  1.6802  1.2872  0.2304  1.6324  0.7576  0.1673
 1.0e+02         33.97  1.6813  1.2897  0.2265  1.6363  0.7564  0.1691
 1.0e+02         34.17  1.6823  1.2922  0.2226  1.6402  0.7552  0.1710
 1.0e+02         34.37  1.6833  1.2947  0.2188  1.6441  0.7540  0.1728
 1.0e+02         34.57  1.6842  1.2972  0.2151  1.6479  0.7528  0.1747
 1.0e+02         34.77  1.6851  1.2997  0.2114  1.6518  0.7517  0.1765
 1.0e+02         34.97  1.6859  1.3022  0.2077  1.6556  0.7505  0.1783
 1.0e+02         35.17  1.6867  1.3047  0.2041  1.6594  0.7494  0.1802
 1.0e+02         35.36  1.6874  1.3072  0.2005  1.6631  0.7482  0.1820
 1.0e+02         35.56  1.6881  1.3097  0.1970  1.6669  0.7471  0.1838
 1.0e+02         35.75  1.6887  1.3121  0.1935  1.6706  0.7460  0.1856
 1.0e+02         35.95  1.6893  1.3146  0.1900  1.6743  0.7449  0.1875
 1.0e+02         36.14  1.6899  1.3171  0.1866  1.6780  0.7438  0.1893
 1.0e+02         36.33  1.6904  1.3195  0.1832  1.6816  0.7427  0.1911
 1.0e+02         36.53  1.6908  1.3220  0.1799  1.6853  0.7416  0.1929
 1.0e+02         36.72  1.6912  1.3244  0.1766  1.6889  0.7406  0.1947
 1.0e+02         36.91  1.6916  1.3268  0.1733  1.6925  0.7395  0.1965
 1.0e+02         37.10  1.6919  1.3293  0.1701  1.6961  0.7385  0.1983
 1.0e+02         37.28  1.6922  1.3317  0.1669  1.6997  0.7374  0.2000
 1.0e+02         37.47  1.6924  1.3341  0.1638  1.7032  0.7364  0.2018
 1.0e+02         37.66  1.6926  1.3365  0.1607  1.7067  0.7354  0.2036
 1.0e+02         37.84  1.6928  1.3389  0.1576  1.7102  0.7343  0.2054
 1.0e+02         38.03  1.6929  1.3413  0.1546  1.7137  0.7333  0.2071
 1.0e+02         38.21  1.6930  1.3437  0.1516  1.7172  0.7323  0.2089
 1.0e+02         38.40  1.6930  1.3461  0.1487  1.7206  0.7314  0.2107
 1.0e+02         38.58  1.6930  1.3484  0.1458  1.7241  0.7304  0.2124
 1.0e+02         38.76  1.6929  1.3508  0.1429  1.7275  0.7294  0.2142
 1.0e+02         38.94  1.6928  1.3532  0.1401  1.7309  0.7284  0.2159
 1.0e+02         39.12  1.6927  1.3555  0.1372  1.7342  0.7275  0.2177
 1.0e+02         39.30  1.6926  1.3579  0.1345  1.7376  0.7265  0.2194
 1.0e+02         39.48  1.6923  1.3602  0.1317  1.7409  0.7256  0.2211
 1.0e+02         39.66  1.6921  1.3625  0.1290  1.7442  0.7246  0.2229
 1.0e+02         39.84  1.6918  1.3648  0.1264  1.7475  0.7237  0.2246
 1.0e+02         40.01  1.6915  1.3671  0.1238  1.7508  0.7228  0.2263
 1.0e+02         40.19  1.6911  1.3694  0.1212  1.7540  0.7219  0.2280
 1.0e+02         40.37  1.6907  1.3717  0.1186  1.7573  0.7209  0.2297
 1.0e+02         40.54  1.6903  1.3740  0.1161  1.7605  0.7200  0.2314
 1.0e+02         40.72  1.6899  1.3762  0.1136  1.7637  0.7191  0.2331
 1.0e+02         40.89  1.6893  1.3785  0.1111  1.7669  0.7182  0.2348
 1.0e+02         41.06  1.6888  1.3807  0.1087  1.7700  0.7174  0.2365
 1.0e+02         41.24  1.6882  1.3830  0.1063  1.7732  0.7165  0.2382
 1.0e+02         41.41  1.6876  1.3852  0.1039  1.7763  0.7156  0.2399
 1.0e+02         41.58  1.6870  1.3874  0.1016  1.7794  0.7147  0.2415
 1.0e+02         41.75  1.6863  1.3896  0.0993  1.7825  0.7139  0.2432
 1.0e+02         41.92  1.6856  1.3918  0.0970  1.7855  0.7130  0.2449
 1.0e+02         42.09  1.6849  1.3939  0.0948  1.7886  0.7121  0.2465
 1.0e+02         42.26  1.6841  1.3961  0.0926  1.7916  0.7113  0.2482
 1.0e+02         42.43  1.6833  1.3983  0.0904  1.7946  0.7105  0.2498
 1.0e+02         42.60  1.6824  1.4004  0.0883  1.7976  0.7096  0.2515
 1.0e+02         42.76  1.6815  1.4025  0.0862  1.8006  0.7088  0.2531
 1.0e+02         42.93  1.6806  1.4046  0.0841  1.8035  0.7080  0.2547
 1.0e+02         43.10  1.6797  1.4067  0.0820  1.8064  0.7071  0.2563
 1.0e+02         43.26  1.6787  1.4088  0.0800  1.8093  0.7063  0.2580
 1.0e+02         43.43  1.6777  1.4109  0.0780  1.8122  0.7055  0.2596
 1.0e+02         43.60  1.6767  1.4130  0.0761  1.8151  0.7047  0.2612
 1.0e+02         43.76  1.6756  1.4150  0.0742  1.8179  0.7039  0.2628
 1.0e+02         43.92  1.6746  1.4170  0.0723  1.8207  0.7031  0.2644
 1.0e+02         44.09  1.6734  1.4190  0.0704  1.8236  0.7023  0.2659
 1.0e+02         44.25  1.6723  1.4210  0.0686  1.8263  0.7015  0.2675
 1.0e+02         44.41  1.6711  1.4230  0.0667  1.8291  0.7007  0.2691
 1.0e+02         44.58  1.6699  1.4250  0.0650  1.8318  0.7000  0.2706
 1.0e+02         44.74  1.6687  1.4269  0.0632  1.8346  0.6992  0.2722
 1.0e+02         44.90  1.6674  1.4288  0.0615  1.8373  0.6984  0.2737
 1.0e+02         45.06  1.6662  1.4308  0.0598  1.8400  0.6976  0.2753
 1.0e+02         45.22  1.6649  1.4326  0.0581  1.8426  0.6969  0.2768
 1.0e+02         45.38  1.6635  1.4345  0.0565  1.8453  0.6961  0.2783
 1.0e+02         45.54  1.6622  1.4364  0.0549  1.8479  0.6954  0.2799
 1.0e+02         45.70  1.6608  1.4382  0.0533  1.8505  0.6946  0.2814
 1.0e+02         45.86  1.6594  1.4400  0.0518  1.8531  0.6939  0.2829
 1.0e+02         46.02  1.6580  1.4418  0.0502  1.8556  0.6931  0.2844
 1.0e+02         46.17  1.6566  1.4436  0.0487  1.8581  0.6924  0.2859
 1.0e+02         46.33  1.6551  1.4453  0.0473  1.8607  0.6916  0.2873
 1.0e+02         46.49  1.6536  1.4470  0.0458  1.8631  0.6909  0.2888
 1.0e+02         46.64  1.6522  1.4487  0.0444  1.8656  0.6902  0.2903
 1.0e+02         46.80  1.6506  1.4504  0.0430  1.8681  0.6895  0.2917
 1.0e+02         46.96  1.6491  1.4521  0.0417  1.8705  0.6887  0.2932
 1.0e+02         47.11  1.6476  1.4537  0.0404  1.8729  0.6880  0.2946
 1.0e+02         47.27  1.6460  1.4553  0.0391  1.8752  0.6873  0.2960
 1.0e+02         47.42  1.6445  1.4568  0.0378  1.8776  0.6866  0.2974
 1.0e+02         47.57  1.6429  1.4583  0.0365  1.8799  0.6859  0.2988
 1.0e+02         47.73  1.6413  1.4598  0.0353  1.8822  0.6852  0.3002
 1.0e+02         47.88  1.6398  1.4613  0.0341  1.8845  0.6845  0.3016
 1.0e+02         48.03  1.6382  1.4627  0.0329  1.8868  0.6838  0.3030
 1.0e+02         48.19  1.6366  1.4641  0.0318  1.8890  0.6831  0.3044
 1.0e+02         48.34  1.6350  1.4655  0.0307  1.8912  0.6824  0.3057
 1.0e+02         48.49  1.6334  1.4668  0.0296  1.8934  0.6818  0.3071
 1.0e+02         48.64  1.6318  1.4680  0.0285  1.8956  0.6811  0.3084
 1.0e+02         48.79  1.6302  1.4693  0.0274  1.8977  0.6804  0.3097
 1.0e+02         48.95  1.6287  1.4704  0.0264  1.8998  0.6797  0.3110
 1.0e+02         49.10  1.6271  1.4716  0.0254  1.9019  0.6791  0.3123
 1.0e+02         49.25  1.6256  1.4726  0.0245  1.9040  0.6784  0.3136
 1.0e+02         49.40  1.6240  1.4736  0.0235  1.9060  0.6777  0.3149
 1.0e+02         49.55  1.6225  1.4746  0.0226  1.9080  0.6771  0.3161
 1.0e+02         49.70  1.6211  1.4755  0.0217  1.9100  0.6764  0.3174
 1.0e+02         49.84  1.6196  1.4763  0.0208  1.9119  0.6758  0.3186
 1.0e+02         49.99  1.6182  1.4771  0.0200  1.9139  0.6751  0.3198
 1.0e+02         50.14  1.6168  1.4778  0.0192  1.9158  0.6745  0.3210
 1.0e+02         50.29  1.6155  1.4784  0.0184  1.9176  0.6738  0.3222
 1.0e+02         50.44  1.6142  1.4789  0.0176  1.9195  0.6732  0.3234
 1.0e+02         50.58  1.6130  1.4794  0.0168  1.9213  0.6726  0.3245
 1.0e+02         50.73  1.6118  1.4798  0.0161  1.9231  0.6719  0.3257
 1.0e+02         50.88  1.6107  1.4800  0.0154  1.9248  0.6713  0.3268
 1.0e+02         51.02  1.6096  1.4802  0.0147  1.9265  0.6707  0.3279
 1.0e+02         51.17  1.6087  1.4803  0.0140  1.9282  0.6701  0.3290
 1.0e+02         51.32  1.6078  1.4802  0.0134  1.9299  0.6695  0.3301
 1.0e+02         51.46  1.6069  1.4801  0.0128  1.9315  0.6688  0.3311
 1.0e+02         51.61  1.6062  1.4798  0.0122  1.9331  0.6682  0.3322
 1.0e+02         51.75  1.6056  1.4795  0.0116  1.9347  0.6676  0.3332
 1.0e+02         51.90  1.6050  1.4790  0.0110  1.9362  0.6670  0.3342
 1.0e+02         52.04  1.6046  1.4784  0.0105  1.9378  0.6664  0.3352
 1.0e+02         52.18  1.6042  1.4776  0.0100  1.9392  0.6658  0.3361
 1.0e+02         52.33  1.6040  1.4768  0.0095  1.9407  0.6652  0.3371
 1.0e+02         52.47  1.6038  1.4758  0.0090  1.9421  0.6646  0.3380
 1.0e+02         52.61  1.6038  1.4747  0.0085  1.9435  0.6641  0.3389
 1.0e+02         52.76  1.6038  1.4734  0.0081  1.9448  0.6635  0.3398
 1.0e+02         52.90  1.6040  1.4720  0.0077  1.9461  0.6629  0.3406
 1.0e+02         53.04  1.6043  1.4705  0.0072  1.9474  0.6623  0.3414
 1.0e+02         53.18  1.6047  1.4689  0.0069  1.9487  0.6617  0.3423
 1.0e+02         53.33  1.6052  1.4671  0.0065  1.9499  0.6612  0.3430
 1.0e+02         53.47  1.6058  1.4653  0.0061  1.9511  0.6606  0.3438
 1.0e+02         53.61  1.6064  1.4633  0.0058  1.9522  0.6600  0.3445
 1.0e+02         53.75  1.6072  1.4612  0.0054  1.9534  0.6594  0.3452
 1.0e+02         53.89  1.6081  1.4589  0.0051  1.9544  0.6589  0.3459
 1.0e+02         54.03  1.6091  1.4566  0.0048  1.9555  0.6583  0.3466
 1.0e+02         54.17  1.6102  1.4541  0.0045  1.9565  0.6577  0.3472
 1.0e+02         54.31  1.6114  1.4516  0.0043  1.9575  0.6571  0.3478
 1.0e+02         54.45  1.6126  1.4489  0.0040  1.9585  0.6566  0.3484
 1.0e+02         54.59  1.6139  1.4462  0.0037  1.9594  0.6560  0.3490
 1.0e+02         54.73  1.6153  1.4433  0.0035  1.9603  0.6554  0.3495
 1.0e+02         54.87  1.6168  1.4404  0.0033  1.9612  0.6548  0.3500
 1.0e+02         55.01  1.6184  1.4374  0.0031  1.9620  0.6543  0.3505
 1.0e+02         55.15  1.6200  1.4342  0.0029  1.9629  0.6537  0.3510
 1.0e+02         55.29  1.6217  1.4310  0.0027  1.9636  0.6531  0.3514
 1.0e+02         55.42  1.6235  1.4278  0.0025  1.9644  0.6525  0.3518
 1.0e+02         55.56  1.6253  1.4244  0.0023  1.9651  0.6519  0.3522
 1.0e+02         55.70  1.6272  1.4210  0.0021  1.9658  0.6513  0.3525
 1.0e+02         55.84  1.6291  1.4175  0.0020  1.9665  0.6507  0.3529
 1.0e+02         55.97  1.6311  1.4139  0.0018  1.9672  0.6501  0.3532
 1.0e+02         56.11  1.6331  1.4102  0.0017  1.9678  0.6495  0.3534
 1.0e+02         56.25  1.6352  1.4065  0.0015  1.9684  0.6489  0.3537
 1.0e+02         56.39  1.6374  1.4027  0.0014  1.9690  0.6483  0.3539
 1.0e+02         56.52  1.6395  1.3989  0.0012  1.9695  0.6476  0.3541
 1.0e+02         56.66  1.6417  1.3950  0.0011  1.9701  0.6470  0.3543
 1.0e+02         56.79  1.6440  1.3910  0.0010  1.9706  0.6463  0.3545
 1.0e+02         56.93  1.6463  1.3870  0.0009  1.9711  0.6457  0.3546
 1.0e+02         57.06  1.6486  1.3829  0.0008  1.9716  0.6450  0.3547
 1.0e+02         57.20  1.6509  1.3787  0.0007  1.9720  0.6443  0.3548
 1.0e+02         57.34  1.6533  1.3745  0.0006  1.9725  0.6436  0.3549
 1.0e+02         57.47  1.6557  1.3703  0.0005  1.9729  0.6430  0.3549
 1.0e+02         57.61  1.6581  1.3660  0.0004  1.9733  0.6422  0.3549
 1.0e+02         57.74  1.6606  1.3617  0.0003  1.9737  0.6415  0.3549
 1.0e+02         57.87  1.6630  1.3573  0.0002  1.9741  0.6408  0.3549
 1.0e+02         58.01  1.6655  1.3528  0.0001  1.9744  0.6401  0.3549
 1.0e+02         58.14  1.6680  1.3484  0.0000  1.9748  0.6393  0.3548
 1.0e+02         58.28  1.6705  1.3438 -0.0000  1.9751  0.6386  0.3547
 1.0e+02         58.41  1.6730  1.3393 -0.0001  1.9754  0.6378  0.3546
 1.0e+02         58.54  1.6756  1.3347 -0.0002  1.9757  0.6370  0.3545
 1.0e+02         58.68  1.6781  1.3300 -0.0003  1.9760  0.6362  0.3544
 1.0e+02         58.81  1.6807  1.3253 -0.0003  1.9763  0.6354  0.3542
 1.0e+02         58.94  1.6833  1.3206 -0.0004  1.9765  0.6346  0.3540
 1.0e+02         59.07  1.6858  1.3158 -0.0005  1.9768  0.6337  0.3538
 1.0e+02         59.21  1.6884  1.3110 -0.0005  1.9770  0.6329  0.3536
 1.0e+02         59.34  1.6910  1.3062 -0.0006  1.9773  0.6320  0.3533
 1.0e+02         59.47  1.6936  1.3013 -0.0006  1.9775  0.6311  0.3531
 1.0e+02         59.60  1.6962  1.2964 -0.0007  1.9777  0.6302  0.3528
 1.0e+02         59.73  1.6988  1.2914 -0.0008  1.9779  0.6293  0.3525
 1.0e+02         59.87  1.7014  1.2864 -0.0008  1.9781  0.6284  0.3522
 1.0e+02         60.00  1.7040  1.2814 -0.0009  1.9783  0.6275  0.3519
 1.0e+02         60.13  1.7065  1.2764 -0.0009  1.9785  0.6265  0.3515
 1.0e+02         60.26  1.7091  1.2713 -0.0010  1.9786  0.6255  0.3512
 1.0e+02         60.39  1.7117  1.2662 -0.0010  1.9788  0.6245  0.3508
 1.0e+02         60.52  1.7143  1.2610 -0.0011  1.9790  0.6235  0.3504
 1.0e+02         60.65  1.7169  1.2559 -0.0011  1.9791  0.6225  0.3500
 1.0e+02         60.78  1.7195  1.2506 -0.0012  1.9792  0.6215  0.3496
 1.0e+02         60.91  1.7220  1.2454 -0.0012  1.9794  0.6205  0.3491
 1.0e+02         61.04  1.7246  1.2402 -0.0013  1.9795  0.6194  0.3486
 1.0e+02         61.17  1.7271  1.2349 -0.0013  1.9796  0.6183  0.3482
 1.0e+02         61.30  1.7297  1.2295 -0.0013  1.9797  0.6172  0.3477
 1.0e+02         61.43  1.7322  1.2242 -0.0014  1.9799  0.6161  0.3472
 1.0e+02         61.56  1.7347  1.2188 -0.0014  1.9800  0.6150  0.3466
 1.0e+02         61.69  1.7373  1.2134 -0.0015  1.9801  0.6139  0.3461
 1.0e+02         61.82  1.7398  1.2080 -0.0015  1.9801  0.6127  0.3455
 1.0e+02         61.95  1.7423  1.2026 -0.0016  1.9802  0.6115  0.3450
 1.0e+02         62.08  1.7448  1.1971 -0.0016  1.9803  0.6103  0.3444
 1.0e+02         62.20  1.7473  1.1916 -0.0016  1.9804  0.6091  0.3438
 1.0e+02         62.33  1.7497  1.1861 -0.0017  1.9805  0.6079  0.3432
 1.0e+02         62.46  1.7522  1.1805 -0.0017  1.9805  0.6067  0.3426
 1.0e+02         62.59  1.7546  1.1749 -0.0017  1.9806  0.6054  0.3419
 1.0e+02         62.72  1.7571  1.1694 -0.0018  1.9807  0.6042  0.3413
 1.0e+02         62.85  1.7595  1.1637 -0.0018  1.9807  0.6029  0.3406
 1.0e+02         62.97  1.7619  1.1581 -0.0019  1.9808  0.6016  0.3399
 1.0e+02         63.10  1.7643  1.1524 -0.0019  1.9808  0.6002  0.3392
 1.0e+02         63.23  1.7667  1.1468 -0.0019  1.9809  0.5989  0.3385
 1.0e+02         63.36  1.7691  1.1411 -0.0020  1.9809  0.5975  0.3378
 1.0e+02         63.48  1.7715  1.1353 -0.0020  1.9810  0.5962  0.3370
 1.0e+02         63.61  1.7738  1.1296 -0.0020  1.9810  0.5948  0.3363
 1.0e+02         63.74  1.7762  1.1238 -0.0021  1.9810  0.5934  0.3355
 1.0e+02         63.86  1.7785  1.1181 -0.0021  1.9811  0.5920  0.3347
 1.0e+02         63.99  1.7808  1.1123 -0.0021  1.9811  0.5905  0.3339
 1.0e+02         64.12  1.7831  1.1064 -0.0022  1.9811  0.5891  0.3331
 1.0e+02         64.24  1.7854  1.1006 -0.0022  1.9812  0.5876  0.3323
 1.0e+02         64.37  1.7877  1.0947 -0.0022  1.9812  0.5861  0.3314
 1.0e+02         64.49  1.7899  1.0889 -0.0022  1.9812  0.5846  0.3306
 1.0e+02         64.62  1.7922  1.0830 -0.0023  1.9812  0.5831  0.3297
 1.0e+02         64.75  1.7944  1.0771 -0.0023  1.9812  0.5815  0.3289
 1.0e+02         64.87  1.7966  1.0711 -0.0023  1.9813  0.5800  0.3280
 1.0e+02         65.00  1.7988  1.0652 -0.0024  1.9813  0.5784  0.3271
 1.0e+02         65.12  1.8010  1.0592 -0.0024  1.9813  0.5768  0.3262
 1.0e+02         65.25  1.8032  1.0533 -0.0024  1.9813  0.5752  0.3252
 1.0e+02         65.37  1.8053  1.0473 -0.0025  1.9813  0.5735  0.3243
 1.0e+02         65.50  1.8075  1.0413 -0.0025  1.9813  0.5719  0.3234
 1.0e+02         65.62  1.8096  1.0352 -0.0025  1.9813  0.5702  0.3224
 1.0e+02         65.75  1.8117  1.0292 -0.0025  1.9813  0.5686  0.3214
 1.0e+02         65.87  1.8138  1.0232 -0.0026  1.9813  0.5669  0.3204
 1.0e+02         66.00  1.8159  1.0171 -0.0026  1.9813  0.5651  0.3194
 1.0e+02         66.12  1.8180  1.0110 -0.0026  1.9813  0.5634  0.3184
 1.0e+02         66.25  1.8200  1.0049 -0.0026  1.9813  0.5617  0.3174
 1.0e+02         66.37  1.8221  0.9988 -0.0027  1.9813  0.5599  0.3164
 1.0e+02         66.49  1.8241  0.9927 -0.0027  1.9813  0.5581  0.3153
 1.0e+02         66.62  1.8261  0.9866 -0.0027  1.9813  0.5563  0.3142
 1.0e+02         66.74  1.8281  0.9804 -0.0027  1.9813  0.5545  0.3132
 1.0e+02         66.86  1.8301  0.9743 -0.0028  1.9813  0.5527  0.3121
 1.0e+02         66.99  1.8321  0.9681 -0.0028  1.9813  0.5508  0.3110
 1.0e+02         67.11  1.8340  0.9619 -0.0028  1.9813  0.5489  0.3099
 1.0e+02         67.23  1.8360  0.9557 -0.0028  1.9813  0.5470  0.3088
 1.0e+02         67.36  1.8379  0.9495 -0.0029  1.9813  0.5451  0.3076
 1.0e+02         67.48  1.8398  0.9433 -0.0029  1.9812  0.5432  0.3065
 1.0e+02         67.60  1.8417  0.9371 -0.0029  1.9812  0.5413  0.3053
 1.0e+02         67.73  1.8436  0.9308 -0.0029  1.9812  0.5393  0.3042
 1.0e+02         67.85  1.8454  0.9246 -0.0030  1.9812  0.5373  0.3030
 1.0e+02         67.97  1.8473  0.9184 -0.0030  1.9812  0.5354  0.3018
 1.0e+02         68.10  1.8491  0.9121 -0.0030  1.9812  0.5333  0.3006
 1.0e+02         68.22  1.8510  0.9058 -0.0030  1.9812  0.5313  0.2994
 1.0e+02         68.34  1.8528  0.8996 -0.0030  1.9812  0.5293  0.2982
 1.0e+02         68.46  1.8546  0.8933 -0.0031  1.9812  0.5272  0.2969
 1.0e+02         68.58  1.8564  0.8870 -0.0031  1.9812  0.5251  0.2957
 1.0e+02         68.71  1.8581  0.8807 -0.0031  1.9812  0.5230  0.2944
 1.0e+02         68.83  1.8599  0.8744 -0.0031  1.9811  0.5209  0.2932
 1.0e+02         68.95  1.8616  0.8681 -0.0031  1.9811  0.5188  0.2919
 1.0e+02         69.07  1.8634  0.8617 -0.0032  1.9811  0.5166  0.2906
 1.0e+02         69.19  1.8651  0.8554 -0.0032  1.9811  0.5145  0.2893
 1.0e+02         69.32  1.8668  0.8491 -0.0032  1.9811  0.5123  0.2880
 1.0e+02         69.44  1.8685  0.8427 -0.0032  1.9811  0.5101  0.2867
 1.0e+02         69.56  1.8701  0.8364 -0.0032  1.9811  0.5079  0.2854
 1.0e+02         69.68  1.8718  0.8301 -0.0032  1.9811  0.5056  0.2840
 1.0e+02         69.80  1.8734  0.8237 -0.0033  1.9811  0.5034  0.2827
 1.0e+02         69.92  1.8751  0.8173 -0.0033  1.9811  0.5011  0.2813
 1.0e+02         70.04  1.8767  0.8110 -0.0033  1.9811  0.4988  0.2799
 1.0e+02         70.16  1.8783  0.8046 -0.0033  1.9811  0.4965  0.2785
 1.0e+02         70.28  1.8799  0.7983 -0.0033  1.9811  0.4942  0.2772
 1.0e+02         70.40  1.8814  0.7919 -0.0033  1.9811  0.4919  0.2758
 1.0e+02         70.53  1.8830  0.7855 -0.0033  1.9811  0.4895  0.2743
 1.0e+02         70.65  1.8846  0.7791 -0.0034  1.9811  0.4872  0.2729
 1.0e+02         70.77  1.8861  0.7728 -0.0034  1.9811  0.4848  0.2715
 1.0e+02         70.89  1.8876  0.7664 -0.0034  1.9811  0.4824  0.2700
 1.0e+02         71.01  1.8891  0.7600 -0.0034  1.9811  0.4799  0.2686
 1.0e+02         71.13  1.8906  0.7536 -0.0034  1.9811  0.4775  0.2671
 1.0e+02         71.25  1.8921  0.7473 -0.0034  1.9811  0.4751  0.2657
 1.0e+02         71.37  1.8936  0.7409 -0.0034  1.9811  0.4726  0.2642
 1.0e+02         71.49  1.8950  0.7345 -0.0035  1.9811  0.4701  0.2627
 1.0e+02         71.61  1.8965  0.7281 -0.0035  1.9811  0.4676  0.2612
 1.0e+02         71.73  1.8979  0.7217 -0.0035  1.9811  0.4651  0.2597
 1.0e+02         71.85  1.8993  0.7154 -0.0035  1.9812  0.4625  0.2582
 1.0e+02         71.97  1.9008  0.7090 -0.0035  1.9812  0.4600  0.2566
 1.0e+02         72.09  1.9021  0.7026 -0.0035  1.9812  0.4574  0.2551
 1.0e+02         72.21  1.9035  0.6962 -0.0035  1.9812  0.4548  0.2536
 1.0e+02         72.32  1.9049  0.6899 -0.0035  1.9812  0.4522  0.2520
 1.0e+02         72.44  1.9063  0.6835 -0.0035  1.9812  0.4496  0.2504
 1.0e+02         72.56  1.9076  0.6771 -0.0035  1.9813  0.4470  0.2489
 1.0e+02         72.68  1.9089  0.6708 -0.0036  1.9813  0.4443  0.2473
 1.0e+02         72.80  1.9103  0.6644 -0.0036  1.9813  0.4416  0.2457
 1.0e+02         72.92  1.9116  0.6581 -0.0036  1.9813  0.4389  0.2441
 1.0e+02         73.04  1.9129  0.6517 -0.0036  1.9814  0.4362  0.2425
 1.0e+02         73.16  1.9142  0.6454 -0.0036  1.9814  0.4335  0.2409
 1.0e+02         73.28  1.9154  0.6391 -0.0036  1.9814  0.4308  0.2392
 1.0e+02         73.40  1.9167  0.6327 -0.0036  1.9815  0.4280  0.2376
 1.0e+02         73.51  1.9179  0.6264 -0.0036  1.9815  0.4253  0.2360
 1.0e+02         73.63  1.9192  0.6201 -0.0036  1.9815  0.4225  0.2343
 1.0e+02         73.75  1.9204  0.6138 -0.0036  1.9816  0.4197  0.2327
 1.0e+02         73.87  1.9216  0.6075 -0.0036  1.9816  0.4169  0.2310
 1.0e+02         73.99  1.9228  0.6012 -0.0036  1.9817  0.4141  0.2293
 1.0e+02         74.11  1.9240  0.5949 -0.0036  1.9817  0.4112  0.2276
 1.0e+02         74.22  1.9252  0.5886 -0.0036  1.9818  0.4084  0.2259
 1.0e+02         74.34  1.9264  0.5823 -0.0036  1.9818  0.4055  0.2242
 1.0e+02         74.46  1.9275  0.5761 -0.0036  1.9819  0.4026  0.2225
 1.0e+02         74.58  1.9287  0.5698 -0.0036  1.9819  0.3997  0.2208
 1.0e+02         74.70  1.9298  0.5636 -0.0036  1.9820  0.3968  0.2191
 1.0e+02         74.81  1.9309  0.5573 -0.0036  1.9820  0.3938  0.2174
 1.0e+02         74.93  1.9320  0.5511 -0.0036  1.9821  0.3909  0.2157
 1.0e+02         75.05  1.9332  0.5449 -0.0036  1.9822  0.3879  0.2139
 1.0e+02         75.17  1.9342  0.5387 -0.0036  1.9822  0.3849  0.2122
 1.0e+02         75.28  1.9353  0.5325 -0.0036  1.9823  0.3819  0.2104
 1.0e+02         75.40  1.9364  0.5263 -0.0036  1.9824  0.3789  0.2086
 1.0e+02         75.52  1.9375  0.5202 -0.0036  1.9824  0.3759  0.2069
 1.0e+02         75.64  1.9385  0.5140 -0.0036  1.9825  0.3729  0.2051
 1.0e+02         75.75  1.9395  0.5079 -0.0036  1.9826  0.3698  0.2033
 1.0e+02         75.87  1.9406  0.5017 -0.0036  1.9826  0.3668  0.2015
 1.0e+02         75.99  1.9416  0.4956 -0.0036  1.9827  0.3637  0.1997
 1.0e+02         76.11  1.9426  0.4895 -0.0036  1.9828  0.3606  0.1979
 1.0e+02         76.22  1.9436  0.4835 -0.0036  1.9829  0.3575  0.1961
 1.0e+02         76.34  1.9446  0.4774 -0.0036  1.9830  0.3544  0.1943
 1.0e+02         76.46  1.9456  0.4713 -0.0036  1.9831  0.3512  0.1925
 1.0e+02         76.57  1.9465  0.4653 -0.0036  1.9832  0.3481  0.1907
 1.0e+02         76.69  1.9475  0.4593 -0.0036  1.9832  0.3449  0.1888
 1.0e+02         76.81  1.9484  0.4533 -0.0036  1.9833  0.3418  0.1870
 1.0e+02         76.92  1.9494  0.4473 -0.0036  1.9834  0.3386  0.1852
 1.0e+02         77.04  1.9503  0.4413 -0.0036  1.9835  0.3354  0.1833
 1.0e+02         77.16  1.9512  0.4354 -0.0036  1.9836  0.3322  0.1815
 1.0e+02         77.27  1.9521  0.4294 -0.0035  1.9837  0.3290  0.1796
 1.0e+02         77.39  1.9530  0.4235 -0.0035  1.9839  0.3257  0.1777
 1.0e+02         77.51  1.9539  0.4176 -0.0035  1.9840  0.3225  0.1759
 1.0e+02         77.62  1.9548  0.4117 -0.0035  1.9841  0.3192  0.1740
 1.0e+02         77.74  1.9556  0.4059 -0.0035  1.9842  0.3160  0.1721
 1.0e+02         77.86  1.9565  0.4000 -0.0035  1.9843  0.3127  0.1702
 1.0e+02         77.97  1.9573  0.3942 -0.0035  1.9844  0.3094  0.1683
 1.0e+02         78.09  1.9582  0.3884 -0.0035  1.9845  0.3061  0.1665
 1.0e+02         78.20  1.9590  0.3826 -0.0035  1.9847  0.3028  0.1646
 1.0e+02         78.32  1.9598  0.3769 -0.0034  1.9848  0.2995  0.1627
 1.0e+02         78.44  1.9606  0.3711 -0.0034  1.9849  0.2961  0.1608
 1.0e+02         78.55  1.9614  0.3654 -0.0034  1.9850  0.2928  0.1589
 1.0e+02         78.67  1.9622  0.3597 -0.0034  1.9852  0.2895  0.1569
 1.0e+02         78.78  1.9630  0.3541 -0.0034  1.9853  0.2861  0.1550
 1.0e+02         78.90  1.9638  0.3484 -0.0034  1.9854  0.2827  0.1531
 1.0e+02         79.02  1.9645  0.3428 -0.0034  1.9856  0.2793  0.1512
 1.0e+02         79.13  1.9653  0.3372 -0.0033  1.9857  0.2760  0.1493
 1.0e+02         79.25  1.9660  0.3317 -0.0033  1.9858  0.2726  0.1474
 1.0e+02         79.36  1.9668  0.3261 -0.0033  1.9860  0.2692  0.1454
 1.0e+02         79.48  1.9675  0.3206 -0.0033  1.9861  0.2657  0.1435
 1.0e+02         79.59  1.9682  0.3151 -0.0033  1.9863  0.2623  0.1416
 1.0e+02         79.71  1.9689  0.3097 -0.0033  1.9864  0.2589  0.1396
 1.0e+02         79.83  1.9696  0.3042 -0.0032  1.9866  0.2555  0.1377
 1.0e+02         79.94  1.9703  0.2988 -0.0032  1.9867  0.2520  0.1358
 1.0e+02         80.06  1.9710  0.2935 -0.0032  1.9869  0.2486  0.1338
 1.0e+02         80.17  1.9717  0.2881 -0.0032  1.9870  0.2451  0.1319
 1.0e+02         80.29  1.9723  0.2828 -0.0031  1.9872  0.2417  0.1300
 1.0e+02         80.40  1.9730  0.2775 -0.0031  1.9874  0.2382  0.1280
 1.0e+02         80.52  1.9736  0.2722 -0.0031  1.9875  0.2347  0.1261
 1.0e+02         80.63  1.9743  0.2670 -0.0031  1.9877  0.2312  0.1241
 1.0e+02         80.75  1.9749  0.2618 -0.0031  1.9879  0.2278  0.1222
 1.0e+02         80.86  1.9755  0.2566 -0.0030  1.9880  0.2243  0.1202
 1.0e+02         80.98  1.9761  0.2515 -0.0030  1.9882  0.2208  0.1183
 1.0e+02         81.09  1.9768  0.2464 -0.0030  1.9884  0.2173  0.1164
 1.0e+02         81.21  1.9774  0.2413 -0.0030  1.9885  0.2138  0.1144
 1.0e+02         81.32  1.9779  0.2363 -0.0029  1.9887  0.2103  0.1125
 1.0e+02         81.44  1.9785  0.2313 -0.0029  1.9889  0.2068  0.1105
 1.0e+02         81.55  1.9791  0.2263 -0.0029  1.9891  0.2033  0.1086
 1.0e+02         81.67  1.9797  0.2214 -0.0028  1.9892  0.1998  0.1067
 1.0e+02         81.78  1.9802  0.2165 -0.0028  1.9894  0.1963  0.1047
 1.0e+02         81.90  1.9808  0.2116 -0.0028  1.9896  0.1928  0.1028
 1.0e+02         82.01  1.9813  0.2068 -0.0028  1.9898  0.1893  0.1009
 1.0e+02         82.13  1.9818  0.2020 -0.0027  1.9900  0.1858  0.0989
 1.0e+02         82.24  1.9824  0.1973 -0.0027  1.9901  0.1823  0.0970
 1.0e+02         82.36  1.9829  0.1925 -0.0027  1.9903  0.1788  0.0951
 1.0e+02         82.47  1.9834  0.1879 -0.0026  1.9905  0.1753  0.0932
 1.0e+02         82.59  1.9839  0.1832 -0.0026  1.9907  0.1718  0.0913
 1.0e+02         82.70  1.9844  0.1786 -0.0026  1.9909  0.1683  0.0894
 1.0e+02         82.82  1.9849  0.1741 -0.0025  1.9911  0.1648  0.0875
 1.0e+02         82.93  1.9853  0.1696 -0.0025  1.9913  0.1613  0.0856
 1.0e+02         83.04  1.9858  0.1651 -0.0025  1.9915  0.1579  0.0837
 1.0e+02         83.16  1.9863  0.1606 -0.0024  1.9916  0.1544  0.0818
 1.0e+02         83.27  1.9867  0.1562 -0.0024  1.9918  0.1509  0.0799
 1.0e+02         83.39  1.9872  0.1519 -0.0023  1.9920  0.1475  0.0780
 1.0e+02         83.50  1.9876  0.1476 -0.0023  1.9922  0.1440  0.0761
 1.0e+02         83.62  1.9880  0.1433 -0.0023  1.9924  0.1406  0.0743
 1.0e+02         83.73  1.9885  0.1391 -0.0022  1.9926  0.1371  0.0724
 1.0e+02         83.85  1.9889  0.1349 -0.0022  1.9928  0.1337  0.0706
 1.0e+02         83.96  1.9893  0.1308 -0.0022  1.9930  0.1303  0.0687
 1.0e+02         84.07  1.9897  0.1267 -0.0021  1.9932  0.1269  0.0669
 1.0e+02         84.19  1.9901  0.1227 -0.0021  1.9934  0.1235  0.0650
 1.0e+02         84.30  1.9904  0.1187 -0.0020  1.9936  0.1201  0.0632
 1.0e+02         84.42  1.9908  0.1147 -0.0020  1.9938  0.1167  0.0614
 1.0e+02         84.53  1.9912  0.1109 -0.0020  1.9939  0.1134  0.0596
 1.0e+02         84.64  1.9915  0.1070 -0.0019  1.9941  0.1100  0.0578
 1.0e+02         84.76  1.9919  0.1032 -0.0019  1.9943  0.1067  0.0561
 1.0e+02         84.87  1.9922  0.0995 -0.0018  1.9945  0.1034  0.0543
 1.0e+02         84.99  1.9926  0.0958 -0.0018  1.9947  0.1001  0.0525
 1.0e+02         85.10  1.9929  0.0921 -0.0017  1.9949  0.0969  0.0508
 1.0e+02         85.22  1.9932  0.0886 -0.0017  1.9951  0.0936  0.0491
 1.0e+02         85.33  1.9936  0.0850 -0.0017  1.9953  0.0904  0.0473
 1.0e+02         85.44  1.9939  0.0816 -0.0016  1.9954  0.0872  0.0456
 1.0e+02         85.56  1.9942  0.0781 -0.0016  1.9956  0.0840  0.0440
 1.0e+02         85.67  1.9945  0.0748 -0.0015  1.9958  0.0809  0.0423
 1.0e+02         85.79  1.9947  0.0715 -0.0015  1.9960  0.0778  0.0406
 1.0e+02         85.90  1.9950  0.0682 -0.0014  1.9962  0.0747  0.0390
 1.0e+02         86.01  1.9953  0.0650 -0.0014  1.9963  0.0716  0.0374
 1.0e+02         86.13  1.9955  0.0619 -0.0013  1.9965  0.0686  0.0358
 1.0e+02         86.24  1.9958  0.0588 -0.0013  1.9967  0.0655  0.0342
 1.0e+02         86.36  1.9961  0.0558 -0.0012  1.9968  0.0626  0.0326
 1.0e+02         86.47  1.9963  0.0528 -0.0012  1.9970  0.0596  0.0311
 1.0e+02         86.58  1.9965  0.0500 -0.0011  1.9972  0.0567  0.0295
 1.0e+02         86.70  1.9968  0.0471 -0.0011  1.9973  0.0539  0.0280
 1.0e+02         86.81  1.9970  0.0444 -0.0010  1.9975  0.0510  0.0265
 1.0e+02         86.92  1.9972  0.0417 -0.0010  1.9976  0.0483  0.0251
 1.0e+02         87.04  1.9974  0.0391 -0.0010  1.9978  0.0455  0.0236
 1.0e+02         87.15  1.9976  0.0365 -0.0009  1.9979  0.0428  0.0222
 1.0e+02         87.27  1.9978  0.0340 -0.0009  1.9981  0.0402  0.0209
 1.0e+02         87.38  1.9979  0.0316 -0.0008  1.9982  0.0376  0.0195
 1.0e+02         87.49  1.9981  0.0293 -0.0008  1.9984  0.0350  0.0182
 1.0e+02         87.61  1.9983  0.0270 -0.0007  1.9985  0.0326  0.0169
 1.0e+02         87.72  1.9984  0.0248 -0.0007  1.9986  0.0301  0.0156
 1.0e+02         87.84  1.9986  0.0227 -0.0006  1.9987  0.0278  0.0144
 1.0e+02         87.95  1.9987  0.0206 -0.0006  1.9989  0.0255  0.0132
 1.0e+02         88.06  1.9989  0.0187 -0.0005  1.9990  0.0232  0.0120
 1.0e+02         88.18  1.9990  0.0168 -0.0005  1.9991  0.0210  0.0109
 1.0e+02         88.29  1.9991  0.0150 -0.0004  1.9992  0.0189  0.0098
 1.0e+02         88.40  1.9992  0.0133 -0.0004  1.9993  0.0169  0.0087
 1.0e+02         88.52  1.9993  0.0117 -0.0004  1.9994  0.0150  0.0077
 1.0e+02         88.63  1.9994  0.0101 -0.0003  1.9995  0.0131  0.0068
 1.0e+02         88.74  1.9995  0.0087 -0.0003  1.9995  0.0114  0.0059
 1.0e+02         88.86  1.9996  0.0073 -0.0002  1.9996  0.0097  0.0050
 1.0e+02         88.97  1.9997  0.0061 -0.0002  1.9997  0.0081  0.0042
 1.0e+02         89.09  1.9997  0.0049 -0.0002  1.9998  0.0067  0.0034
 1.0e+02         89.20  1.9998  0.0039 -0.0001  1.9998  0.0053  0.0027
 1.0e+02         89.31  1.9999  0.0030 -0.0001  1.9999  0.0041  0.0021
 1.0e+02         89.43  1.9999  0.0021 -0.0001  1.9999  0.0030  0.0015
 1.0e+08          0.00  1.0667  1.0667  1.0667  1.0667  1.0667 -0.0000
 1.0e+08          3.61  1.1603  1.0693  0.9706  1.1159  1.0208  0.0021
 1.0e+08          5.11  1.1981  1.0719  0.9303  1.1372  1.0028  0.0042
 1.0e+08          6.25  1.2267  1.0745  0.8993  1.1540  0.9893  0.0063
 1.0e+08          7.22  1.2505  1.0772  0.8731  1.1684  0.9782  0.0085
 1.0e+08          8.08  1.2712  1.0798  0.8500  1.1814  0.9685  0.0106
 1.0e+08          8.85  1.2896  1.0824  0.8291  1.1932  0.9600  0.0127
 1.0e+08          9.56  1.3064  1.0851  0.8099  1.2042  0.9523  0.0148
 1.0e+08         10.22  1.3218  1.0877  0.7920  1.2146  0.9452  0.0169
 1.0e+08         10.84  1.3362  1.0903  0.7752  1.2245  0.9386  0.0190
 1.0e+08         11.43  1.3496  1.0930  0.7593  1.2339  0.9325  0.0211
 1.0e+08         11.99  1.3622  1.0956  0.7443  1.2429  0.9267  0.0232
 1.0e+08         12.53  1.3741  1.0983  0.7299  1.2516  0.9213  0.0253
 1.0e+08         13.04  1.3854  1.1009  0.7161  1.2601  0.9161  0.0274
 1.0e+08         13.54  1.3961  1.1036  0.7029  1.2683  0.9112  0.0294
 1.0e+08         14.01  1.4064  1.1062  0.6901  1.2762  0.9065  0.0315
 1.0e+08         14.48  1.4162  1.1088  0.6778  1.2839  0.9020  0.0336
 1.0e+08         14.92  1.4256  1.1115  0.6660  1.2915  0.8977  0.0357
 1.0e+08         15.36  1.4346  1.1142  0.6544  1.2989  0.8936  0.0378
 1.0e+08         15.78  1.4433  1.1168  0.6432  1.3061  0.8896  0.0399
 1.0e+08         16.19  1.4516  1.1195  0.6324  1.3132  0.8857  0.0419
 1.0e+08         16.60  1.4597  1.1221  0.6218  1.3201  0.8820  0.0440
 1.0e+08         16.99  1.4674  1.1248  0.6115  1.3270  0.8784  0.0461
 1.0e+08         17.38  1.4750  1.1274  0.6015  1.3337  0.8749  0.0482
 1.0e+08         17.75  1.4822  1.1301  0.5917  1.3403  0.8716  0.0502
 1.0e+08         18.12  1.4893  1.1328  0.5821  1.3468  0.8683  0.0523
 1.0e+08         18.48  1.4961  1.1354  0.5727  1.3532  0.8651  0.0544
 1.0e+08         18.84  1.5027  1.1381  0.5636  1.3595  0.8620  0.0564
 1.0e+08         19.19  1.5091  1.1408  0.5546  1.3657  0.8589  0.0585
 1.0e+08         19.53  1.5153  1.1434  0.5458  1.3719  0.8560  0.0606
 1.0e+08         19.87  1.5213  1.1461  0.5373  1.3779  0.8531  0.0626
 1.0e+08         20.20  1.5272  1.1488  0.5288  1.3839  0.8503  0.0647
 1.0e+08         20.53  1.5329  1.1514  0.5206  1.3898  0.8475  0.0667
 1.0e+08         20.85  1.5384  1.1541  0.5124  1.3957  0.8448  0.0688
 1.0e+08         21.16  1.5438  1.1568  0.5045  1.4015  0.8422  0.0708
 1.0e+08         21.48  1.5490  1.1594  0.4967  1.4072  0.8397  0.0729
 1.0e+08         21.79  1.5541  1.1621  0.4890  1.4128  0.8371  0.0749
 1.0e+08         22.09  1.5590  1.1648  0.4814  1.4185  0.8347  0.0769
 1.0e+08         22.39  1.5639  1.1674  0.4740  1.4240  0.8323  0.0790
 1.0e+08         22.69  1.5685  1.1701  0.4667  1.4295  0.8299  0.0810
 1.0e+08         22.98  1.5731  1.1728  0.4595  1.4349  0.8276  0.0830
 1.0e+08         23.27  1.5776  1.1755  0.4524  1.4403  0.8253  0.0851
 1.0e+08         23.56  1.5819  1.1781  0.4455  1.4457  0.8231  0.0871
 1.0e+08         23.84  1.5861  1.1808  0.4386  1.4510  0.8209  0.0891
 1.0e+08         24.12  1.5902  1.1835  0.4319  1.4562  0.8187  0.0912
 1.0e+08         24.39  1.5942  1.1861  0.4253  1.4614  0.8166  0.0932
 1.0e+08         24.67  1.5981  1.1888  0.4187  1.4666  0.8145  0.0952
 1.0e+08         24.94  1.6019  1.1915  0.4123  1.4717  0.8125  0.0972
 1.0e+08         25.21  1.6056  1.1942  0.4059  1.4768  0.8104  0.0992
 1.0e+08         25.47  1.6092  1.1968  0.3997  1.4819  0.8085  0.1012
 1.0e+08         25.74  1.6127  1.1995  0.3935  1.4869  0.8065  0.1032
 1.0e+08         26.00  1.6161  1.2022  0.3874  1.4919  0.8046  0.1052
 1.0e+08         26.26  1.6194  1.2048  0.3814  1.4968  0.8027  0.1073
 1.0e+08         26.51  1.6226  1.2075  0.3755  1.5017  0.8009  0.1093
 1.0e+08         26.76  1.6258  1.2102  0.3696  1.5066  0.7990  0.1112
 1.0e+08         27.02  1.6288  1.2128  0.3639  1.5114  0.7972  0.1132
 1.0e+08         27.26  1.6318  1.2155  0.3582  1.5162  0.7954  0.1152
 1.0e+08         27.51  1.6347  1.2182  0.3526  1.5209  0.7937  0.1172
 1.0e+08         27.76  1.6375  1.2208  0.3471  1.5257  0.7920  0.1192
 1.0e+08         28.00  1.6403  1.2235  0.3416  1.5304  0.7902  0.1212
 1.0e+08         28.24  1.6429  1.2262  0.3362  1.5351  0.7886  0.1232
 1.0e+08         28.48  1.6455  1.2288  0.3309  1.5397  0.7869  0.1252
 1.0e+08         28.72  1.6480  1.2315  0.3256  1.5443  0.7853  0.1271
 1.0e+08         28.95  1.6505  1.2341  0.3205  1.5489  0.7837  0.1291
 1.0e+08         29.19  1.6528  1.2368  0.3153  1.5534  0.7821  0.1311
 1.0e+08         29.42  1.6551  1.2395  0.3103  1.5580  0.7805  0.1330
 1.0e+08         29.65  1.6574  1.2421  0.3053  1.5625  0.7789  0.1350
 1.0e+08         29.88  1.6595  1.2448  0.3004  1.5669  0.7774  0.1370
 1.0e+08         30.11  1.6616  1.2474  0.2955  1.5714  0.7759  0.1389
 1.0e+08         30.33  1.6636  1.2500  0.2907  1.5758  0.7744  0.1409
 1.0e+08         30.56  1.6656  1.2527  0.2860  1.5802  0.7729  0.1428
 1.0e+08         30.78  1.6675  1.2553  0.2813  1.5846  0.7714  0.1448
 1.0e+08         31.00  1.6693  1.2580  0.2766  1.5889  0.7700  0.1467
 1.0e+08         31.22  1.6711  1.2606  0.2721  1.5932  0.7686  0.1487
 1.0e+08         31.44  1.6728  1.2632  0.2675  1.5975  0.7671  0.1506
 1.0e+08         31.66  1.6745  1.2659  0.2631  1.6018  0.7657  0.1525
 1.0e+08         31.87  1.6761  1.2685  0.2587  1.6061  0.7644  0.1545
 1.0e+08         32.09  1.6776  1.2711  0.2543  1.6103  0.7630  0.1564
 1.0e+08         32.30  1.6791  1.2738  0.2500  1.6145  0.7616  0.1583
 1.0e+08         32.51  1.6805  1.2764  0.2457  1.6187  0.7603  0.1602
 1.0e+08         32.72  1.6819  1.2790  0.2415  1.6228  0.7590  0.1622
 1.0e+08         32.93  1.6832  1.2816  0.2374  1.6269  0.7577  0.1641
 1.0e+08         33.14  1.6844  1.2842  0.2333  1.6311  0.7564  0.1660
 1.0e+08         33.35  1.6856  1.2868  0.2292  1.6351  0.7551  0.1679
 1.0e+08         33.56  1.6868  1.2894  0.2252  1.6392  0.7538  0.1698
 1.0e+08         33.76  1.6878  1.2920  0.2213  1.6433  0.7526  0.1717
 1.0e+08         33.97  1.6889  1.2946  0.2174  1.6473  0.7513  0.1736
 1.0e+08         34.17  1.6899  1.2972  0.2135  1.6513  0.7501  0.1755
 1.0e+08         34.37  1.6908  1.2998  0.2097  1.6553  0.7489  0.1774
 1.0e+08         34.57  1.6917  1.3024  0.2059  1.6592  0.7476  0.1793
 1.0e+08         34.77  1.6925  1.3050  0.2022  1.6632  0.7464  0.1812
 1.0e+08         34.97  1.6933  1.3076  0.1985  1.6671  0.7453  0.1831
 1.0e+08         35.17  1.6940  1.3101  0.1948  1.6710  0.7441  0.1850
 1.0e+08         35.36  1.6947  1.3127  0.1913  1.6749  0.7429  0.1868
 1.0e+08         35.56  1.6953  1.3153  0.1877  1.6787  0.7418  0.1887
 1.0e+08         35.75  1.6959  1.3178  0.1842  1.6825  0.7406  0.1906
 1.0e+08         35.95  1.6964  1.3204  0.1807  1.6864  0.7395  0.1924
 1.0e+08         36.14  1.6969  1.3229  0.1773  1.6902  0.7384  0.1943
 1.0e+08         36.33  1.6973  1.3255  0.1739  1.6939  0.7372  0.1962
 1.0e+08         36.53  1.6977  1.3280  0.1706  1.6977  0.7361  0.1980
 1.0e+08         36.72  1.6981  1.3306  0.1673  1.7014  0.7350  0.1999
 1.0e+08         36.91  1.6984  1.3331  0.1640  1.7052  0.7339  0.2017
 1.0e+08         37.10  1.6986  1.3356  0.1608  1.7089  0.7329  0.2035
 1.0e+08         37.28  1.6988  1.3381  0.1576  1.7125  0.7318  0.2054
 1.0e+08         37.47  1.6990  1.3406  0.1545  1.7162  0.7307  0.2072
 1.0e+08         37.66  1.6991  1.3431  0.1513  1.7199  0.7297  0.2091
 1.0e+08         37.84  1.6991  1.3456  0.1483  1.7235  0.7286  0.2109
 1.0e+08         38.03  1.6992  1.3481  0.1452  1.7271  0.7276  0.2127
 1.0e+08         38.21  1.6992  1.3506  0.1423  1.7307  0.7265  0.2145
 1.0e+08         38.40  1.6991  1.3531  0.1393  1.7342  0.7255  0.2163
 1.0e+08         38.58  1.6990  1.3556  0.1364  1.7378  0.7245  0.2182
 1.0e+08         38.76  1.6988  1.3580  0.1335  1.7413  0.7235  0.2200
 1.0e+08         38.94  1.6986  1.3605  0.1307  1.7448  0.7225  0.2218
 1.0e+08         39.12  1.6984  1.3630  0.1279  1.7483  0.7215  0.2236
 1.0e+08         39.30  1.6981  1.3654  0.1251  1.7518  0.7205  0.2254
 1.0e+08         39.48  1.6978  1.3678  0.1223  1.7553  0.7195  0.2272
 1.0e+08         39.66  1.6974  1.3703  0.1196  1.7587  0.7186  0.2289
 1.0e+08         39.84  1.6970  1.3727  0.1170  1.7621  0.7176  0.2307
 1.0e+08         40.01  1.6966  1.3751  0.1143  1.7655  0.7166  0.2325
 1.0e+08         40.19  1.6961  1.3775  0.1118  1.7689  0.7157  0.2343
 1.0e+08         40.37  1.6956  1.3799  0.1092  1.7723  0.7147  0.2361
 1.0e+08         40.54  1.6950  1.3823  0.1067  1.7756  0.7138  0.2378
 1.0e+08         40.72  1.6944  1.3847  0.1042  1.7790  0.7129  0.2396
 1.0e+08         40.89  1.6938  1.3871  0.1017  1.7823  0.7119  0.2413
 1.0e+08         41.06  1.6931  1.3894  0.0993  1.7856  0.7110  0.2431
 1.0e+08         41.24  1.6923  1.3918  0.0969  1.7888  0.7101  0.2448
 1.0e+08         41.41  1.6916  1.3942  0.0945  1.7921  0.7092  0.2466
 1.0e+08         41.58  1.6908  1.3965  0.0922  1.7953  0.7083  0.2483
 1.0e+08         41.75  1.6899  1.3988  0.0899  1.7986  0.7074  0.2501
 1.0e+08         41.92  1.6890  1.4011  0.0876  1.8018  0.7065  0.2518
 1.0e+08         42.09  1.6881  1.4035  0.0854  1.8050  0.7056  0.2535
 1.0e+08         42.26  1.6872  1.4058  0.0832  1.8081  0.7047  0.2552
 1.0e+08         42.43  1.6862  1.4081  0.0810  1.8113  0.7038  0.2570
 1.0e+08         42.60  1.6851  1.4103  0.0789  1.8144  0.7029  0.2587
 1.0e+08         42.76  1.6840  1.4126  0.0768  1.8175  0.7020  0.2604
 1.0e+08         42.93  1.6829  1.4149  0.0747  1.8206  0.7012  0.2621
 1.0e+08         43.10  1.6818  1.4171  0.0727  1.8237  0.7003  0.2638
 1.0e+08         43.26  1.6806  1.4194  0.0707  1.8267  0.6994  0.2655
 1.0e+08         43.43  1.6793  1.4216  0.0687  1.8298  0.6986  0.2672
 1.0e+08         43.60  1.6781  1.4238  0.0668  1.8328  0.6977  0.2689
 1.0e+08         43.76  1.6768  1.4260  0.0648  1.8358  0.6969  0.2705
 1.0e+08         43.92  1.6754  1.4282  0.0630  1.8388  0.6960  0.2722
 1.0e+08         44.09  1.6741  1.4304  0.0611  1.8418  0.6952  0.2739
 1.0e+08         44.25  1.6726  1.4326  0.0593  1.8447  0.6944  0.2755
 1.0e+08         44.41  1.6712  1.4347  0.0575  1.8477  0.6935  0.2772
 1.0e+08         44.58  1.6697  1.4369  0.0557  1.8506  0.6927  0.2789
 1.0e+08         44.74  1.6682  1.4390  0.0540  1.8535  0.6919  0.2805
 1.0e+08         44.90  1.6666  1.4411  0.0523  1.8563  0.6910  0.2822
 1.0e+08         45.06  1.6650  1.4433  0.0506  1.8592  0.6902  0.2838
 1.0e+08         45.22  1.6634  1.4454  0.0489  1.8620  0.6894  0.2854
 1.0e+08         45.38  1.6617  1.4474  0.0473  1.8648  0.6886  0.2871
 1.0e+08         45.54  1.6600  1.4495  0.0457  1.8677  0.6878  0.2887
 1.0e+08         45.70  1.6583  1.4516  0.0442  1.8704  0.6870  0.2903
 1.0e+08         45.86  1.6565  1.4536  0.0426  1.8732  0.6862  0.2919
 1.0e+08         46.02  1.6547  1.4557  0.0411  1.8759  0.6854  0.2935
 1.0e+08         46.17  1.6528  1.4577  0.0396  1.8787  0.6846  0.2951
 1.0e+08         46.33  1.6509  1.4597  0.0382  1.8814  0.6838  0.2967
 1.0e+08         46.49  1.6490  1.4617  0.0368  1.8841  0.6830  0.2983
 1.0e+08         46.64  1.6471  1.4636  0.0354  1.8867  0.6822  0.2999
 1.0e+08         46.80  1.6451  1.4656  0.0340  1.8894  0.6814  0.3015
 1.0e+08         46.96  1.6430  1.4676  0.0327  1.8920  0.6806  0.3031
 1.0e+08         47.11  1.6410  1.4695  0.0314  1.8946  0.6799  0.3046
 1.0e+08         47.27  1.6389  1.4714  0.0301  1.8972  0.6791  0.3062
 1.0e+08         47.42  1.6368  1.4733  0.0289  1.8998  0.6783  0.3077
 1.0e+08         47.57  1.6346  1.4752  0.0276  1.9024  0.6775  0.3093
 1.0e+08         47.73  1.6324  1.4770  0.0264  1.9049  0.6767  0.3108
 1.0e+08         47.88  1.6301  1.4789  0.0253  1.9074  0.6760  0.3124
 1.0e+08         48.03  1.6279  1.4807  0.0241  1.9099  0.6752  0.3139
 1.0e+08         48.19  1.6256  1.4826  0.0230  1.9124  0.6744  0.3154
 1.0e+08         48.34  1.6232  1.4844  0.0219  1.9148  0.6737  0.3170
 1.0e+08         48.49  1.6209  1.4861  0.0209  1.9173  0.6729  0.3185
 1.0e+08         48.64  1.6185  1.4879  0.0198  1.9197  0.6721  0.3200
 1.0e+08         48.79  1.6160  1.4897  0.0188  1.9221  0.6714  0.3215
 1.0e+08         48.95  1.6135  1.4914  0.0178  1.9245  0.6706  0.3230
 1.0e+08         49.10  1.6110  1.4931  0.0169  1.9268  0.6699  0.3245
 1.0e+08         49.25  1.6085  1.4948  0.0160  1.9292  0.6691  0.3260
 1.0e+08         49.40  1.6059  1.4965  0.0151  1.9315  0.6684  0.3275
 1.0e+08         49.55  1.6033  1.4981  0.0142  1.9338  0.6676  0.3289
 1.0e+08         49.70  1.6006  1.4998  0.0133  1.9360  0.6668  0.3304
 1.0e+08         49.84  1.5980  1.5014  0.0125  1.9383  0.6661  0.3319
 1.0e+08         49.99  1.5952  1.5030  0.0117  1.9405  0.6653  0.3333
 1.0e+08         50.14  1.5925  1.5046  0.0110  1.9428  0.6646  0.3348
 1.0e+08         50.29  1.5897  1.5061  0.0102  1.9449  0.6638  0.3362
 1.0e+08         50.44  1.5869  1.5077  0.0095  1.9471  0.6631  0.3377
 1.0e+08         50.58  1.5840  1.5092  0.0088  1.9493  0.6624  0.3391
 1.0e+08         50.73  1.5811  1.5107  0.0082  1.9514  0.6616  0.3405
 1.0e+08         50.88  1.5782  1.5122  0.0075  1.9535  0.6609  0.3419
 1.0e+08         51.02  1.5753  1.5137  0.0069  1.9556  0.6601  0.3433
 1.0e+08         51.17  1.5723  1.5151  0.0063  1.9577  0.6594  0.3447
 1.0e+08         51.32  1.5693  1.5165  0.0058  1.9597  0.6586  0.3461
 1.0e+08         51.46  1.5662  1.5179  0.0053  1.9617  0.6579  0.3475
 1.0e+08         51.61  1.5631  1.5193  0.0047  1.9637  0.6572  0.3489
 1.0e+08         51.75  1.5600  1.5206  0.0043  1.9657  0.6564  0.3503
 1.0e+08         51.90  1.5569  1.5220  0.0038  1.9677  0.6557  0.3517
 1.0e+08         52.04  1.5537  1.5233  0.0034  1.9696  0.6549  0.3530
 1.0e+08         52.18  1.5505  1.5245  0.0030  1.9715  0.6542  0.3544
 1.0e+08         52.33  1.5472  1.5258  0.0026  1.9734  0.6534  0.3557
 1.0e+08         52.47  1.5439  1.5270  0.0023  1.9753  0.6527  0.3571
 1.0e+08         52.61  1.5406  1.5283  0.0019  1.9771  0.6520  0.3584
 1.0e+08         52.76  1.5372  1.5294  0.0016  1.9790  0.6512  0.3597
 1.0e+08         52.90  1.5338  1.5306  0.0014  1.9808  0.6505  0.3610
 1.0e+08         53.04  1.5318  1.5304  0.0011  1.9825  0.6497  0.3624
 1.0e+08         53.18  1.5329  1.5270  0.0009  1.9843  0.6490  0.3637
 1.0e+08         53.33  1.5340  1.5235  0.0007  1.9860  0.6483  0.3650
 1.0e+08         53.47  1.5350  1.5200  0.0005  1.9877  0.6475  0.3662
 1.0e+08         53.61  1.5361  1.5164  0.0004  1.9894  0.6468  0.3675
 1.0e+08         53.75  1.5371  1.5128  0.0002  1.9911  0.6460  0.3688
 1.0e+08         53.89  1.5381  1.5092  0.0001  1.9927  0.6453  0.3701
 1.0e+08         54.03  1.5390  1.5055  0.0001  1.9943  0.6445  0.3713
 1.0e+08         54.17  1.5400  1.5019  0.0000  1.9959  0.6438  0.3726
 1.0e+08         54.31  1.5409  1.4981  0.0000  1.9975  0.6431  0.3738
 1.0e+08         54.45  1.5414  1.4967 -0.0000  1.9980  0.6428  0.3742
 1.0e+08         54.59  1.5424  1.4956 -0.0000  1.9980  0.6428  0.3742
 1.0e+08         54.73  1.5441  1.4937 -0.0000  1.9980  0.6427  0.3742
 1.0e+08         54.87  1.5465  1.4912 -0.0000  1.9980  0.6427  0.3741
 1.0e+08         55.01  1.5493  1.4882 -0.0000  1.9980  0.6426  0.3741
 1.0e+08         55.15  1.5524  1.4848 -0.0000  1.9979  0.6425  0.3740
 1.0e+08         55.29  1.5557  1.4811 -0.0000  1.9979  0.6424  0.3739
 1.0e+08         55.42  1.5592  1.4772 -0.0000  1.9979  0.6422  0.3738
 1.0e+08         55.56  1.5628  1.4732 -0.0000  1.9979  0.6421  0.3737
 1.0e+08         55.70  1.5665  1.4690 -0.0000  1.9979  0.6419  0.3736
 1.0e+08         55.84  1.5703  1.4647 -0.0000  1.9978  0.6417  0.3734
 1.0e+08         55.97  1.5741  1.4603 -0.0000  1.9978  0.6415  0.3733
 1.0e+08         56.11  1.5779  1.4558 -0.0000  1.9978  0.6413  0.3731
 1.0e+08         56.25  1.5817  1.4513 -0.0000  1.9978  0.6410  0.3729
 1.0e+08         56.39  1.5855  1.4467 -0.0000  1.9977  0.6407  0.3727
 1.0e+08         56.52  1.5894  1.4420 -0.0000  1.9977  0.6404  0.3725
 1.0e+08         56.66  1.5932  1.4373 -0.0000  1.9976  0.6401  0.3723
 1.0e+08         56.79  1.5970  1.4326 -0.0000  1.9976  0.6398  0.3721
 1.0e+08         56.93  1.6008  1.4278 -0.0000  1.9976  0.6394  0.3718
 1.0e+08         57.06  1.6046  1.4230 -0.0000  1.9975  0.6391  0.3716
 1.0e+08         57.20  1.6084  1.4181 -0.0000  1.9975  0.6387  0.3713
 1.0e+08         57.34  1.6121  1.4132 -0.0000  1.9974  0.6383  0.3710
 1.0e+08         57.47  1.6159  1.4083 -0.0000  1.9974  0.6379  0.3707
 1.0e+08         57.61  1.6196  1.4033 -0.0000  1.9973  0.6374  0.3704
 1.0e+08         57.74  1.6233  1.3984 -0.0000  1.9972  0.6370  0.3701
 1.0e+08         57.87  1.6269  1.3933 -0.0000  1.9972  0.6365  0.3697
 1.0e+08         58.01  1.6306  1.3883 -0.0000  1.9971  0.6360  0.3694
 1.0e+08         58.14  1.6342  1.3832 -0.0000  1.9971  0.6355  0.3690
 1.0e+08         58.28  1.6378  1.3781 -0.0000  1.9970  0.6349  0.3686
 1.0e+08         58.41  1.6414  1.3730 -0.0000  1.9969  0.6344  0.3682
 1.0e+08         58.54  1.6450  1.3678 -0.0000  1.9968  0.6338  0.3678
 1.0e+08         58.68  1.6485  1.3627 -0.0000  1.9968  0.6332  0.3674
 1.0e+08         58.81  1.6520  1.3575 -0.0000  1.9967  0.6326  0.3670
 1.0e+08         58.94  1.6555  1.3522 -0.0000  1.9966  0.6319  0.3665
 1.0e+08         59.07  1.6590  1.3470 -0.0000  1.9965  0.6313  0.3661
 1.0e+08         59.21  1.6624  1.3417 -0.0000  1.9965  0.6306  0.3656
 1.0e+08         59.34  1.6658  1.3364 -0.0000  1.9964  0.6299  0.3651
 1.0e+08         59.47  1.6692  1.3311 -0.0000  1.9963  0.6292  0.3646
 1.0e+08         59.60  1.6726  1.3257 -0.0000  1.9962  0.6285  0.3641
 1.0e+08         59.73  1.6759  1.3204 -0.0000  1.9961  0.6278  0.3636
 1.0e+08         59.87  1.6792  1.3150 -0.0000  1.9960  0.6270  0.3631
 1.0e+08         60.00  1.6825  1.3096 -0.0000  1.9959  0.6262  0.3625
 1.0e+08         60.13  1.6858  1.3041 -0.0000  1.9959  0.6254  0.3620
 1.0e+08         60.26  1.6890  1.2987 -0.0000  1.9958  0.6246  0.3614
 1.0e+08         60.39  1.6923  1.2932 -0.0000  1.9957  0.6238  0.3608
 1.0e+08         60.52  1.6955  1.2877 -0.0000  1.9956  0.6229  0.3602
 1.0e+08         60.65  1.6986  1.2822 -0.0000  1.9955  0.6221  0.3596
 1.0e+08         60.78  1.7018  1.2766 -0.0000  1.9954  0.6212  0.3590
 1.0e+08         60.91  1.7049  1.2710 -0.0000  1.9953  0.6203  0.3584
 1.0e+08         61.04  1.7080  1.2655 -0.0000  1.9952  0.6193  0.3577
 1.0e+08         61.17  1.7111  1.2598 -0.0000  1.9951  0.6184  0.3571
 1.0e+08         61.30  1.7141  1.2542 -0.0000  1.9950  0.6174  0.3564
 1.0e+08         61.43  1.7171  1.2486 -0.0000  1.9948  0.6164  0.3557
 1.0e+08         61.56  1.7201  1.2429 -0.0000  1.9947  0.6154  0.3550
 1.0e+08         61.69  1.7231  1.2372 -0.0000  1.9946  0.6144  0.3543
 1.0e+08         61.82  1.7261  1.2315 -0.0000  1.9945  0.6134  0.3536
 1.0e+08         61.95  1.7290  1.2258 -0.0000  1.9944  0.6123  0.3529
 1.0e+08         62.08  1.7319  1.2200 -0.0000  1.9943  0.6113  0.3521
 1.0e+08         62.20  1.7348  1.2143 -0.0000  1.9942  0.6102  0.3514
 1.0e+08         62.33  1.7376  1.2085 -0.0000  1.9941  0.6090  0.3506
 1.0e+08         62.46  1.7405  1.2027 -0.0000  1.9940  0.6079  0.3498
 1.0e+08         62.59  1.7433  1.1969 -0.0000  1.9938  0.6068  0.3490
 1.0e+08         62.72  1.7461  1.1910 -0.0000  1.9937  0.6056  0.3482
 1.0e+08         62.85  1.7489  1.1852 -0.0000  1.9936  0.6044  0.3474
 1.0e+08         62.97  1.7516  1.1793 -0.0000  1.9935  0.6032  0.3466
 1.0e+08         63.10  1.7543  1.1734 -0.0000  1.9934  0.6020  0.3458
 1.0e+08         63.23  1.7570  1.1675 -0.0000  1.9932  0.6008  0.3449
 1.0e+08         63.36  1.7597  1.1616 -0.0000  1.9931  0.5995  0.3441
 1.0e+08         63.48  1.7624  1.1557 -0.0000  1.9930  0.5982  0.3432
 1.0e+08         63.61  1.7650  1.1497 -0.0000  1.9929  0.5969  0.3423
 1.0e+08         63.74  1.7676  1.1437 -0.0000  1.9927  0.5956  0.3414
 1.0e+08         63.86  1.7702  1.1377 -0.0000  1.9926  0.5943  0.3405
 1.0e+08         63.99  1.7728  1.1317 -0.0000  1.9925  0.5929  0.3396
 1.0e+08         64.12  1.7754  1.1257 -0.0000  1.9924  0.5916  0.3386
 1.0e+08         64.24  1.7779  1.1197 -0.0000  1.9922  0.5902  0.3377
 1.0e+08         64.37  1.7804  1.1136 -0.0000  1.9921  0.5888  0.3368
 1.0e+08         64.49  1.7829  1.1076 -0.0000  1.9920  0.5873  0.3358
 1.0e+08         64.62  1.7854  1.1015 -0.0000  1.9919  0.5859  0.3348
 1.0e+08         64.75  1.7878  1.0954 -0.0000  1.9917  0.5844  0.3338
 1.0e+08         64.87  1.7902  1.0893 -0.0000  1.9916  0.5829  0.3328
 1.0e+08         65.00  1.7926  1.0831 -0.0000  1.9915  0.5814  0.3318
 1.0e+08         65.12  1.7950  1.0770 -0.0000  1.9914  0.5799  0.3308
 1.0e+08         65.25  1.7974  1.0709 -0.0000  1.9912  0.5784  0.3298
 1.0e+08         65.37  1.7997  1.0647 -0.0000  1.9911  0.5768  0.3287
 1.0e+08         65.50  1.8021  1.0585 -0.0000  1.9910  0.5753  0.3277
 1.0e+08         65.62  1.8044  1.0523 -0.0000  1.9909  0.5737  0.3266
 1.0e+08         65.75  1.8067  1.0461 -0.0000  1.9907  0.5721  0.3255
 1.0e+08         65.87  1.8089  1.0399 -0.0000  1.9906  0.5704  0.3245
 1.0e+08         66.00  1.8112  1.0337 -0.0000  1.9905  0.5688  0.3234
 1.0e+08         66.12  1.8134  1.0274 -0.0000  1.9903  0.5671  0.3222
 1.0e+08         66.25  1.8156  1.0212 -0.0000  1.9902  0.5654  0.3211
 1.0e+08         66.37  1.8178  1.0149 -0.0000  1.9901  0.5637  0.3200
 1.0e+08         66.49  1.8200  1.0086 -0.0000  1.9900  0.5620  0.3189
 1.0e+08         66.62  1.8221  1.0023 -0.0000  1.9898  0.5603  0.3177
 1.0e+08         66.74  1.8243  0.9960 -0.0000  1.9897  0.5585  0.3165
 1.0e+08         66.86  1.8264  0.9897 -0.0000  1.9896  0.5568  0.3154
 1.0e+08         66.99  1.8285  0.9834 -0.0000  1.9895  0.5550  0.3142
 1.0e+08         67.11  1.8305  0.9771 -0.0000  1.9894  0.5531  0.3130
 1.0e+08         67.23  1.8326  0.9708 -0.0000  1.9892  0.5513  0.3118
 1.0e+08         67.36  1.8347  0.9644 -0.0000  1.9891  0.5495  0.3106
 1.0e+08         67.48  1.8367  0.9580 -0.0000  1.9890  0.5476  0.3094
 1.0e+08         67.60  1.8387  0.9517 -0.0000  1.9889  0.5457  0.3081
 1.0e+08         67.73  1.8407  0.9453 -0.0000  1.9888  0.5438  0.3069
 1.0e+08         67.85  1.8426  0.9389 -0.0000  1.9886  0.5419  0.3056
 1.0e+08         67.97  1.8446  0.9325 -0.0000  1.9885  0.5399  0.3044
 1.0e+08         68.10  1.8465  0.9261 -0.0000  1.9884  0.5380  0.3031
 1.0e+08         68.22  1.8485  0.9197 -0.0000  1.9883  0.5360  0.3018
 1.0e+08         68.34  1.8504  0.9133 -0.0000  1.9882  0.5340  0.3005
 1.0e+08         68.46  1.8522  0.9069 -0.0000  1.9881  0.5320  0.2992
 1.0e+08         68.58  1.8541  0.9005 -0.0000  1.9880  0.5300  0.2979
 1.0e+08         68.71  1.8560  0.8940 -0.0000  1.9878  0.5279  0.2966
 1.0e+08         68.83  1.8578  0.8876 -0.0000  1.9877  0.5258  0.2952
 1.0e+08         68.95  1.8596  0.8812 -0.0000  1.9876  0.5238  0.2939
 1.0e+08         69.07  1.8614  0.8747 -0.0000  1.9875  0.5216  0.2925
 1.0e+08         69.19  1.8632  0.8683 -0.0000  1.9874  0.5195  0.2912
 1.0e+08         69.32  1.8650  0.8618 -0.0000  1.9873  0.5174  0.2898
 1.0e+08         69.44  1.8667  0.8553 -0.0000  1.9872  0.5152  0.2884
 1.0e+08         69.56  1.8685  0.8489 -0.0000  1.9871  0.5130  0.2870
 1.0e+08         69.68  1.8702  0.8424 -0.0000  1.9870  0.5108  0.2856
 1.0e+08         69.80  1.8719  0.8359 -0.0000  1.9869  0.5086  0.2842
 1.0e+08         69.92  1.8736  0.8294 -0.0000  1.9868  0.5064  0.2828
 1.0e+08         70.04  1.8753  0.8229 -0.0000  1.9867  0.5041  0.2813
 1.0e+08         70.16  1.8769  0.8165 -0.0000  1.9866  0.5019  0.2799
 1.0e+08         70.28  1.8786  0.8100 -0.0000  1.9866  0.4996  0.2784
 1.0e+08         70.40  1.8802  0.8035 -0.0000  1.9865  0.4973  0.2770
 1.0e+08         70.53  1.8818  0.7970 -0.0000  1.9864  0.4949  0.2755
 1.0e+08         70.65  1.8834  0.7905 -0.0000  1.9863  0.4926  0.2740
 1.0e+08         70.77  1.8850  0.7840 -0.0000  1.9862  0.4902  0.2726
 1.0e+08         70.89  1.8866  0.7775 -0.0000  1.9861  0.4879  0.2711
 1.0e+08         71.01  1.8881  0.7710 -0.0000  1.9861  0.4855  0.2696
 1.0e+08         71.13  1.8897  0.7645 -0.0000  1.9860  0.4830  0.2680
 1.0e+08         71.25  1.8912  0.7580 -0.0000  1.9859  0.4806  0.2665
 1.0e+08         71.37  1.8927  0.7515 -0.0000  1.9858  0.4782  0.2650
 1.0e+08         71.49  1.8942  0.7450 -0.0000  1.9858  0.4757  0.2635
 1.0e+08         71.61  1.8957  0.7385 -0.0000  1.9857  0.4732  0.2619
 1.0e+08         71.73  1.8972  0.7320 -0.0000  1.9856  0.4707  0.2604
 1.0e+08         71.85  1.8986  0.7256 -0.0000  1.9856  0.4682  0.2588
 1.0e+08         71.97  1.9001  0.7191 -0.0000  1.9855  0.4656  0.2572
 1.0e+08         72.09  1.9015  0.7126 -0.0000  1.9854  0.4631  0.2556
 1.0e+08         72.21  1.9029  0.7061 -0.0000  1.9854  0.4605  0.2540
 1.0e+08         72.32  1.9043  0.6996 -0.0000  1.9853  0.4579  0.2524
 1.0e+08         72.44  1.9057  0.6931 -0.0000  1.9853  0.4553  0.2508
 1.0e+08         72.56  1.9071  0.6867 -0.0000  1.9852  0.4527  0.2492
 1.0e+08         72.68  1.9084  0.6802 -0.0000  1.9852  0.4500  0.2476
 1.0e+08         72.80  1.9098  0.6737 -0.0000  1.9851  0.4474  0.2460
 1.0e+08         72.92  1.9111  0.6673 -0.0000  1.9851  0.4447  0.2443
 1.0e+08         73.04  1.9124  0.6608 -0.0000  1.9850  0.4420  0.2427
 1.0e+08         73.16  1.9138  0.6544 -0.0000  1.9850  0.4393  0.2410
 1.0e+08         73.28  1.9151  0.6479 -0.0000  1.9850  0.4366  0.2394
 1.0e+08         73.40  1.9163  0.6415 -0.0000  1.9849  0.4338  0.2377
 1.0e+08         73.51  1.9176  0.6351 -0.0000  1.9849  0.4311  0.2360
 1.0e+08         73.63  1.9189  0.6286 -0.0000  1.9849  0.4283  0.2343
 1.0e+08         73.75  1.9201  0.6222 -0.0000  1.9849  0.4255  0.2327
 1.0e+08         73.87  1.9213  0.6158 -0.0000  1.9848  0.4227  0.2310
 1.0e+08         73.99  1.9226  0.6094 -0.0000  1.9848  0.4198  0.2293
 1.0e+08         74.11  1.9238  0.6030 -0.0000  1.9848  0.4170  0.2275
 1.0e+08         74.22  1.9250  0.5966 -0.0000  1.9848  0.4141  0.2258
 1.0e+08         74.34  1.9262  0.5903 -0.0000  1.9848  0.4113  0.2241
 1.0e+08         74.46  1.9273  0.5839 -0.0000  1.9848  0.4084  0.2224
 1.0e+08         74.58  1.9285  0.5775 -0.0000  1.9848  0.4054  0.2206
 1.0e+08         74.70  1.9296  0.5712 -0.0000  1.9847  0.4025  0.2189
 1.0e+08         74.81  1.9308  0.5649 -0.0000  1.9847  0.3996  0.2171
 1.0e+08         74.93  1.9319  0.5585 -0.0000  1.9848  0.3966  0.2154
 1.0e+08         75.05  1.9330  0.5522 -0.0000  1.9848  0.3936  0.2136
 1.0e+08         75.17  1.9341  0.5459 -0.0000  1.9848  0.3907  0.2118
 1.0e+08         75.28  1.9352  0.5396 -0.0000  1.9848  0.3876  0.2100
 1.0e+08         75.40  1.9363  0.5333 -0.0000  1.9848  0.3846  0.2083
 1.0e+08         75.52  1.9374  0.5271 -0.0000  1.9848  0.3816  0.2065
 1.0e+08         75.64  1.9384  0.5208 -0.0000  1.9848  0.3785  0.2047
 1.0e+08         75.75  1.9395  0.5146 -0.0000  1.9848  0.3755  0.2029
 1.0e+08         75.87  1.9405  0.5084 -0.0000  1.9849  0.3724  0.2011
 1.0e+08         75.99  1.9415  0.5022 -0.0000  1.9849  0.3693  0.1992
 1.0e+08         76.11  1.9426  0.4960 -0.0000  1.9849  0.3662  0.1974
 1.0e+08         76.22  1.9436  0.4898 -0.0000  1.9850  0.3631  0.1956
 1.0e+08         76.34  1.9446  0.4836 -0.0000  1.9850  0.3599  0.1938
 1.0e+08         76.46  1.9455  0.4775 -0.0000  1.9850  0.3568  0.1919
 1.0e+08         76.57  1.9465  0.4713 -0.0000  1.9851  0.3536  0.1901
 1.0e+08         76.69  1.9475  0.4652 -0.0000  1.9851  0.3504  0.1882
 1.0e+08         76.81  1.9484  0.4591 -0.0000  1.9852  0.3472  0.1864
 1.0e+08         76.92  1.9494  0.4530 -0.0000  1.9852  0.3440  0.1845
 1.0e+08         77.04  1.9503  0.4470 -0.0000  1.9853  0.3408  0.1827
 1.0e+08         77.16  1.9512  0.4409 -0.0000  1.9853  0.3375  0.1808
 1.0e+08         77.27  1.9521  0.4349 -0.0000  1.9854  0.3343  0.1789
 1.0e+08         77.39  1.9530  0.4289 -0.0000  1.9855  0.3310  0.1771
 1.0e+08         77.51  1.9539  0.4229 -0.0000  1.9855  0.3278  0.1752
 1.0e+08         77.62  1.9548  0.4169 -0.0000  1.9856  0.3245  0.1733
 1.0e+08         77.74  1.9557  0.4110 -0.0000  1.9857  0.3212  0.1714
 1.0e+08         77.86  1.9565  0.4051 -0.0000  1.9858  0.3179  0.1695
 1.0e+08         77.97  1.9574  0.3991 -0.0000  1.9858  0.3145  0.1676
 1.0e+08         78.09  1.9582  0.3933 -0.0000  1.9859  0.3112  0.1657
 1.0e+08         78.20  1.9590  0.3874 -0.0000  1.9860  0.3079  0.1638
 1.0e+08         78.32  1.9599  0.3816 -0.0000  1.9861  0.3045  0.1619
 1.0e+08         78.44  1.9607  0.3757 -0.0000  1.9862  0.3011  0.1600
 1.0e+08         78.55  1.9615  0.3699 -0.0000  1.9863  0.2978  0.1581
 1.0e+08         78.67  1.9623  0.3642 -0.0000  1.9864  0.2944  0.1562
 1.0e+08         78.78  1.9630  0.3584 -0.0000  1.9865  0.2910  0.1543
 1.0e+08         78.90  1.9638  0.3527 -0.0000  1.9866  0.2876  0.1523
 1.0e+08         79.02  1.9646  0.3470 -0.0000  1.9867  0.2841  0.1504
 1.0e+08         79.13  1.9653  0.3413 -0.0000  1.9868  0.2807  0.1485
 1.0e+08         79.25  1.9661  0.3357 -0.0000  1.9869  0.2773  0.1466
 1.0e+08         79.36  1.9668  0.3300 -0.0000  1.9870  0.2738  0.1446
 1.0e+08         79.48  1.9675  0.3245 -0.0000  1.9871  0.2704  0.1427
 1.0e+08         79.59  1.9683  0.3189 -0.0000  1.9872  0.2669  0.1408
 1.0e+08         79.71  1.9690  0.3133 -0.0000  1.9873  0.2634  0.1388
 1.0e+08         79.83  1.9697  0.3078 -0.0000  1.9875  0.2599  0.1369
 1.0e+08         79.94  1.9704  0.3023 -0.0000  1.9876  0.2565  0.1350
 1.0e+08         80.06  1.9711  0.2969 -0.0000  1.9877  0.2530  0.1330
 1.0e+08         80.17  1.9717  0.2915 -0.0000  1.9878  0.2495  0.1311
 1.0e+08         80.29  1.9724  0.2861 -0.0000  1.9880  0.2460  0.1292
 1.0e+08         80.40  1.9730  0.2807 -0.0000  1.9881  0.2424  0.1272
 1.0e+08         80.52  1.9737  0.2754 -0.0000  1.9882  0.2389  0.1253
 1.0e+08         80.63  1.9743  0.2701 -0.0000  1.9884  0.2354  0.1233
 1.0e+08         80.75  1.9750  0.2648 -0.0000  1.9885  0.2319  0.1214
 1.0e+08         80.86  1.9756  0.2595 -0.0000  1.9887  0.2283  0.1195
 1.0e+08         80.98  1.9762  0.2543 -0.0000  1.9888  0.2248  0.1175
 1.0e+08         81.09  1.9768  0.2492 -0.0000  1.9890  0.2212  0.1156
 1.0e+08         81.21  1.9774  0.2440 -0.0000  1.9891  0.2177  0.1137
 1.0e+08         81.32  1.9780  0.2389 -0.0000  1.9893  0.2141  0.1117
 1.0e+08         81.44  1.9786  0.2338 -0.0000  1.9894  0.2106  0.1098
 1.0e+08         81.55  1.9791  0.2288 -0.0000  1.9896  0.2070  0.1079
 1.0e+08         81.67  1.9797  0.2238 -0.0000  1.9897  0.2035  0.1059
 1.0e+08         81.78  1.9803  0.2188 -0.0000  1.9899  0.1999  0.1040
 1.0e+08         81.90  1.9808  0.2139 -0.0000  1.9900  0.1964  0.1021
 1.0e+08         82.01  1.9813  0.2090 -0.0000  1.9902  0.1928  0.1002
 1.0e+08         82.13  1.9819  0.2041 -0.0000  1.9904  0.1892  0.0982
 1.0e+08         82.24  1.9824  0.1993 -0.0000  1.9905  0.1857  0.0963
 1.0e+08         82.36  1.9829  0.1945 -0.0000  1.9907  0.1821  0.0944
 1.0e+08         82.47  1.9834  0.1898 -0.0000  1.9909  0.1786  0.0925
 1.0e+08         82.59  1.9839  0.1851 -0.0000  1.9910  0.1750  0.0906
 1.0e+08         82.70  1.9844  0.1804 -0.0000  1.9912  0.1715  0.0887
 1.0e+08         82.82  1.9849  0.1758 -0.0000  1.9914  0.1679  0.0868
 1.0e+08         82.93  1.9854  0.1712 -0.0000  1.9916  0.1644  0.0849
 1.0e+08         83.04  1.9858  0.1667 -0.0000  1.9917  0.1608  0.0830
 1.0e+08         83.16  1.9863  0.1622 -0.0000  1.9919  0.1573  0.0811
 1.0e+08         83.27  1.9867  0.1578 -0.0000  1.9921  0.1538  0.0793
 1.0e+08         83.39  1.9872  0.1533 -0.0000  1.9923  0.1502  0.0774
 1.0e+08         83.50  1.9876  0.1490 -0.0000  1.9925  0.1467  0.0755
 1.0e+08         83.62  1.9881  0.1447 -0.0000  1.9926  0.1432  0.0737
 1.0e+08         83.73  1.9885  0.1404 -0.0000  1.9928  0.1397  0.0718
 1.0e+08         83.85  1.9889  0.1362 -0.0000  1.9930  0.1362  0.0700
 1.0e+08         83.96  1.9893  0.1320 -0.0000  1.9932  0.1328  0.0681
 1.0e+08         84.07  1.9897  0.1278 -0.0000  1.9934  0.1293  0.0663
 1.0e+08         84.19  1.9901  0.1238 -0.0000  1.9935  0.1258  0.0645
 1.0e+08         84.30  1.9905  0.1197 -0.0000  1.9937  0.1224  0.0627
 1.0e+08         84.42  1.9908  0.1157 -0.0000  1.9939  0.1190  0.0609
 1.0e+08         84.53  1.9912  0.1118 -0.0000  1.9941  0.1156  0.0591
 1.0e+08         84.64  1.9916  0.1079 -0.0000  1.9943  0.1122  0.0573
 1.0e+08         84.76  1.9919  0.1041 -0.0000  1.9944  0.1088  0.0556
 1.0e+08         84.87  1.9923  0.1003 -0.0000  1.9946  0.1054  0.0538
 1.0e+08         84.99  1.9926  0.0965 -0.0000  1.9948  0.1021  0.0521
 1.0e+08         85.10  1.9929  0.0929 -0.0000  1.9950  0.0987  0.0504
 1.0e+08         85.22  1.9932  0.0892 -0.0000  1.9952  0.0954  0.0486
 1.0e+08         85.33  1.9936  0.0857 -0.0000  1.9953  0.0922  0.0469
 1.0e+08         85.44  1.9939  0.0822 -0.0000  1.9955  0.0889  0.0452
 1.0e+08         85.56  1.9942  0.0787 -0.0000  1.9957  0.0857  0.0436
 1.0e+08         85.67  1.9945  0.0753 -0.0000  1.9959  0.0825  0.0419
 1.0e+08         85.79  1.9947  0.0720 -0.0000  1.9960  0.0793  0.0403
 1.0e+08         85.90  1.9950  0.0687 -0.0000  1.9962  0.0761  0.0386
 1.0e+08         86.01  1.9953  0.0654 -0.0000  1.9964  0.0730  0.0370
 1.0e+08         86.13  1.9956  0.0623 -0.0000  1.9965  0.0699  0.0354
 1.0e+08         86.24  1.9958  0.0592 -0.0000  1.9967  0.0668  0.0339
 1.0e+08         86.36  1.9961  0.0561 -0.0000  1.9969  0.0638  0.0323
 1.0e+08         86.47  1.9963  0.0532 -0.0000  1.9970  0.0608  0.0308
 1.0e+08         86.58  1.9965  0.0502 -0.0000  1.9972  0.0578  0.0293
 1.0e+08         86.70  1.9968  0.0474 -0.0000  1.9974  0.0549  0.0278
 1.0e+08         86.81  1.9970  0.0446 -0.0000  1.9975  0.0520  0.0263
 1.0e+08         86.92  1.9972  0.0419 -0.0000  1.9977  0.0492  0.0249
 1.0e+08         87.04  1.9974  0.0392 -0.0000  1.9978  0.0464  0.0234
 1.0e+08         87.15  1.9976  0.0367 -0.0000  1.9980  0.0437  0.0220
 1.0e+08         87.27  1.9978  0.0342 -0.0000  1.9981  0.0410  0.0207
 1.0e+08         87.38  1.9979  0.0317 -0.0000  1.9982  0.0383  0.0193
 1.0e+08         87.49  1.9981  0.0294 -0.0000  1.9984  0.0357  0.0180
 1.0e+08         87.61  1.9983  0.0271 -0.0000  1.9985  0.0332  0.0167
 1.0e+08         87.72  1.9984  0.0249 -0.0000  1.9986  0.0307  0.0155
 1.0e+08         87.84  1.9986  0.0227 -0.0000  1.9987  0.0283  0.0142
 1.0e+08         87.95  1.9987  0.0207 -0.0000  1.9989  0.0260  0.0130
 1.0e+08         88.06  1.9989  0.0187 -0.0000  1.9990  0.0237  0.0119
 1.0e+08         88.18  1.9990  0.0168 -0.0000  1.9991  0.0215  0.0108
 1.0e+08         88.29  1.9991  0.0150 -0.0000  1.9992  0.0193  0.0097
 1.0e+08         88.40  1.9992  0.0133 -0.0000  1.9993  0.0173  0.0087
 1.0e+08         88.52  1.9993  0.0117 -0.0000  1.9994  0.0153  0.0077
 1.0e+08         88.63  1.9994  0.0101 -0.0000  1.9995  0.0134  0.0067
 1.0e+08         88.74  1.9995  0.0087 -0.0000  1.9995  0.0116  0.0058
 1.0e+08         88.86  1.9996  0.0073 -0.0000  1.9996  0.0099  0.0050
 1.0e+08         88.97  1.9997  0.0061 -0.0000  1.9997  0.0083  0.0041
 1.0e+08         89.09  1.9997  0.0049 -0.0000  1.9998  0.0068  0.0034
 1.0e+08         89.20  1.9998  0.0039 -0.0000  1.9998  0.0054  0.0027
 1.0e+08         89.31  1.9999  0.0029 -0.0000  1.9999  0.0042  0.0021
 1.0e+08         89.43  1.9999  0.0021 -0.0000  1.9999  0.0030  0.0015
